table	label	printed_value
18	MBP	+0.312
18	MBP p	6.54 x 10-8
18	ACTB	-0.179
18	ACTB p	0.00234
18	GAPDH	+0.006
18	GAPDH p	0.92
18	TBP	-0.030
18	TBP p	0.611
18	PGR	+0.707
18	PGR p	1.01 x 10-44
18	PGR holm	1.31 x 10-43
18	CLDN5	-0.511
18	CLDN5 p	1.76 x 10-20
18	CLDN5 holm	1.76 x 10-19
18	FLT1	-0.105
18	FLT1 p	0.0764
18	FLT1 holm	0.382
18	VWF	-0.043
18	VWF p	0.47
18	VWF holm	0.572
18	NR3C1	+0.284
18	NR3C1 p	9.78 x 10-7
18	NR3C1 holm	8.81 x 10-6
18	NR3C2	+0.546
18	NR3C2 p	1.01 x 10-23
18	NR3C2 holm	1.11 x 10-22
18	ESR1	+0.097
18	ESR1 p	0.1
18	ESR1 holm	0.401
18	AR	-0.088
18	AR p	0.137
18	AR holm	0.41
18	ABCB1	-0.208
18	ABCB1 p	0.000402
18	ABCB1 holm	0.00282
18	SNAP25	+0.594
18	SNAP25 p	1.01 x 10-28
18	SNAP25 holm	1.21 x 10-27
18	GFAP	+0.063
18	GFAP p	0.286
18	GFAP holm	0.572
18	AKR1C1	+0.121
18	AKR1C1 p	0.0411
18	AKR1C1 holm	0.247
18	HSD3B2	+0.275
18	HSD3B2 p	2.3 x 10-6
18	HSD3B2 holm	1.84 x 10-5
18	PGR / CLDN5	+0.779
18	PGR / CLDN5 p	1.28 x 10-59
18	PGR / FLT1	+0.706
18	PGR / FLT1 p	1.17 x 10-44
18	PGR / VWF	+0.649
18	PGR / VWF p	1.01 x 10-35
19	MD	+0.901
19	MD p	1.96 x 10-6
19	MD holm	3.14 x 10-5
19	STR	+0.818
19	STR p	0.000345
19	STR holm	0.00353
19	CBC	+0.796
19	CBC p	1.62 x 10-5
19	CBC holm	0.000243
19	ITC	+0.781
19	ITC p	2.96 x 10-5
19	ITC holm	0.000415
19	OFC	+0.768
19	OFC p	0.000321
19	OFC holm	0.00353
19	VFC	+0.760
19	VFC p	0.000161
19	VFC holm	0.00193
19	V1C	+0.747
19	V1C p	0.000365
19	V1C holm	0.00353
19	AMY	+0.736
19	AMY p	0.000326
19	AMY holm	0.00353
19	STC	+0.726
19	STC p	0.00013
19	STC holm	0.00169
19	DFC	+0.714
19	DFC p	0.000877
19	DFC holm	0.00614
19	MFC	+0.671
19	MFC p	0.00318
19	MFC holm	0.0191
19	IPC	+0.598
19	IPC p	0.00686
19	IPC holm	0.0343
19	S1C	+0.597
19	S1C p	0.0146
19	S1C holm	0.0493
19	A1C	+0.592
19	A1C p	0.0123
19	A1C holm	0.0493
19	M1C	+0.502
19	M1C p	0.0474
19	M1C holm	0.0949
19	HIP	+0.438
19	HIP p	0.0786
19	HIP holm	0.0949
