donor,study,age,k,n,p
10Y_B_SNRNASEQ_Adolescent,herring,10.77,3,30,0.1
1158_Adolescent,velmeshev,16.95,4,25,0.16
12Y_Adolescent,herring,12.77,2,14,0.14285714285714285
1443_Infant,velmeshev,1.68,0,51,0.0
1453_Child,velmeshev,1.98,0,14,0.0
14Y_Adolescent,herring,14.77,3,12,0.25
1738_Infant,velmeshev,1.02,0,54,0.0
1791_Child,velmeshev,3.48,4,58,0.06896551724137931
1798_Child,velmeshev,2.56,2,34,0.058823529411764705
17Y_Adolescent,herring,17.77,2,17,0.11764705882352941
1823_Adolescent,velmeshev,15.77,0,22,0.0
1864_Child,velmeshev,3.26,3,30,0.1
1M_Infant,herring,0.85,0,33,0.0
1Y_A_SNRNASEQ_Child,herring,1.77,0,18,0.0
1Y_B_SNRNASEQ_Child,herring,1.77,0,10,0.0
1Y_C_SNRNASEQ_Child,herring,1.77,0,21,0.0
20Y_B_SNRNASEQ_Adult,herring,20.77,4,20,0.2
2Y_B_SNRNASEQ_Child,herring,2.77,0,12,0.0
3M_Infant,herring,1.02,0,22,0.0
3Y_Child,herring,3.77,7,47,0.14893617021276595
40Y_Adult,herring,40.77,1,11,0.09090909090909091
4332_Child,velmeshev,6.44,0,52,0.0
4341_Adolescent,velmeshev,13.77,18,184,0.09782608695652174
4350_Infant,velmeshev,1.31,0,150,0.0
4369_Child,velmeshev,3.5,12,157,0.07643312101910828
4389_Infant,velmeshev,0.99,0,83,0.0
4396_Infant,velmeshev,0.92,0,188,0.0
4426_Child,velmeshev,2.98,0,173,0.0
4670_Child,velmeshev,5.42,10,104,0.09615384615384616
4M_Infant,herring,1.1,1,13,0.07692307692307693
5163_Adolescent,velmeshev,14.77,2,41,0.04878048780487805
5242_Adolescent,velmeshev,15.77,20,121,0.1652892561983471
5387_Adolescent,velmeshev,12.77,29,264,0.10984848484848485
5391_Child,velmeshev,8.77,5,109,0.045871559633027525
5408_Child,velmeshev,6.77,14,62,0.22580645161290322
5546_Adult,velmeshev,34.77,2,33,0.06060606060606061
5554_Adolescent,velmeshev,13.77,5,84,0.05952380952380952
5577_Adult,velmeshev,21.77,7,43,0.16279069767441862
5608_Child,velmeshev,4.3,1,124,0.008064516129032258
5787_Adult,velmeshev,39.77,3,28,0.10714285714285714
5893_Adolescent,velmeshev,19.77,16,146,0.1095890410958904
5958_Adult,velmeshev,22.77,2,36,0.05555555555555555
5976_Child,velmeshev,4.77,0,15,0.0
5981_Adult,velmeshev,44.77,4,38,0.10526315789473684
6M_Infant,herring,1.26,0,16,0.0
6Y_Child,herring,6.77,2,22,0.09090909090909091
814_Child,velmeshev,2.11,2,95,0.021052631578947368
8Y_Child,herring,8.77,0,20,0.0
ADOL1_Adolescent,zhu,14.77,17,82,0.2073170731707317
ADOL2_Adolescent,zhu,14.77,44,258,0.17054263565891473
ADULT1_Adult,zhu,20.77,2,20,0.1
ADULT2_Adult,zhu,39.77,4,49,0.08163265306122448
CHILD1_Child,zhu,4.77,11,184,0.059782608695652176
CHILD2_Child,zhu,6.77,10,109,0.09174311926605505
INF1_Infant,zhu,0.77,0,10,0.0
INF2_Infant,zhu,0.77,0,105,0.0
NIH-1325_Child,wang,2.05,1,130,0.007692307692307693
NIH-1671_Child,wang,2.38,5,264,0.01893939393939394
NIH-4341_Adolescent,wang,15.44,49,265,0.18490566037735848
NIH-4373_Child,wang,1.83,4,269,0.01486988847583643
NIH-4392_Child,wang,2.2,4,100,0.04
NIH-4458_Child,wang,2.17,4,192,0.020833333333333332
NIH-5162_Adolescent,wang,14.63,23,88,0.26136363636363635
NIH-5376_Adolescent,wang,14.79,31,103,0.30097087378640774
NIH-5554_Adolescent,wang,14.52,58,204,0.28431372549019607
