block	gene	rho	rank	fold	zero_pct_band1	monotonic	mean_cp10k	band_means
meta	n_donor	65						
meta	n_gene_tested	18794						
meta	n_passing	54						
passing_all_three	PGR	+0.680	7	16.97	88	True	0.3638	0.0372;0.2407;0.4075;0.6265;0.6328
passing_all_three	PGR-AS1	+0.615	18	9.37	69	True	0.2509	0.0515;0.1470;0.1806;0.4423;0.4833
passing_all_three	TARP	+0.550	33	6.15	62	True	0.1351	0.0413;0.0729;0.1306;0.2203;0.2546
passing_all_three	MIR31HG	+0.535	40	23.16	81	True	0.0729	0.0062;0.0248;0.0846;0.1369;0.1469
passing_all_three	ZNF727	+0.487	66	71.12	94	True	0.0595	0.0018;0.0114;0.0297;0.1311;0.1356
passing_all_three	SHISA3	+0.458	91	279.84	94	True	0.0375	0.0003;0.0257;0.0297;0.0461;0.1140
passing_all_three	SEC14L5	+0.376	261	6.85	69	True	0.0577	0.0164;0.0309;0.0727;0.0864;0.1128
passing_all_three	SNHG22	+0.358	317	5.10	62	True	0.0855	0.0475;0.0534;0.0712;0.0739;0.2430
passing_all_three	TEKT4P2	+0.358	319	7.42	56	True	0.1439	0.0383;0.1195;0.1333;0.1965;0.2844
passing_all_three	ENSG00000291099	+0.353	330	5.29	81	True	0.0518	0.0229;0.0322;0.0472;0.0623;0.1218
passing_all_three	TMEM235	+0.351	341	82.97	94	True	0.0160	0.0006;0.0044;0.0123;0.0198;0.0593
passing_all_three	FMO2	+0.345	375	107.16	94	True	0.0407	0.0014;0.0174;0.0275;0.0426;0.1588
passing_all_three	ENSG00000291039	+0.344	384	13.26	88	True	0.0273	0.0050;0.0092;0.0327;0.0421;0.0673
passing_all_three	CD226	+0.322	493	5.84	69	True	0.0646	0.0312;0.0417;0.0449;0.0633;0.1824
passing_all_three	TMEM125	+0.314	551	17.51	94	True	0.0146	0.0018;0.0045;0.0124;0.0273;0.0333
passing_all_three	COL28A1	+0.308	590	7.48	62	True	0.0441	0.0146;0.0246;0.0474;0.0537;0.1102
passing_all_three	LINC01608	+0.304	616	1178.40	100	True	0.0469	0.0000;0.0138;0.0407;0.0872;0.1177
passing_all_three	ST18	+0.300	642	8.45	56	True	0.1290	0.0386;0.0469;0.0951;0.2008;0.3267
passing_all_three	ENSG00000286068	+0.263	972	281.30	100	True	0.0107	0.0000;0.0024;0.0153;0.0177;0.0280
passing_all_three	CSTF3-DT	+0.259	1010	8.70	81	True	0.0290	0.0084;0.0110;0.0297;0.0410;0.0741
passing_all_three	MIR4280HG	+0.250	1094	301.20	100	True	0.0119	0.0000;0.0068;0.0124;0.0183;0.0300
passing_all_three	JAKMIP3	+0.248	1115	25.00	88	True	0.0360	0.0038;0.0202;0.0347;0.0490;0.0977
passing_all_three	IRF6	+0.245	1154	51.97	94	True	0.0330	0.0014;0.0177;0.0248;0.0573;0.0769
passing_all_three	ZNF676	+0.240	1212	664.57	100	True	0.0134	0.0000;0.0062;0.0072;0.0073;0.0664
passing_all_three	ENSG00000287576	+0.232	1325	30.04	94	True	0.0114	0.0009;0.0038;0.0153;0.0167;0.0307
passing_all_three	NEFH	+0.231	1334	452.73	100	True	0.0194	0.0000;0.0130;0.0246;0.0280;0.0452
passing_all_three	CRABP1	+0.227	1393	24.96	94	True	0.0164	0.0015;0.0105;0.0145;0.0237;0.0408
passing_all_three	CYP2U1-AS1	+0.196	1949	5.52	81	True	0.0246	0.0097;0.0182;0.0196;0.0313;0.0538
passing_all_three	BEST1	+0.167	2523	13.27	94	True	0.0159	0.0036;0.0072;0.0072;0.0217;0.0490
passing_all_three	ENSG00000282057	+0.166	2541	7.76	94	True	0.0069	0.0018;0.0019;0.0072;0.0118;0.0150
passing_all_three	GPRIN2	+0.166	2544	587.55	100	True	0.0211	0.0000;0.0118;0.0204;0.0300;0.0587
passing_all_three	HOOK1	+0.165	2585	5.25	69	True	0.0393	0.0161;0.0333;0.0347;0.0445;0.0850
passing_all_three	ENSG00000268030	+0.160	2683	15.51	94	True	0.0160	0.0036;0.0048;0.0072;0.0200;0.0572
passing_all_three	ENSG00000253372	+0.144	3104	23.64	81	True	0.0233	0.0035;0.0072;0.0225;0.0248;0.0850
passing_all_three	ENSG00000285407	+0.141	3207	250.17	100	True	0.0123	0.0000;0.0068;0.0153;0.0213;0.0249
passing_all_three	ENSG00000230479	+0.132	3457	306.14	94	True	0.0294	0.0003;0.0154;0.0174;0.0246;0.1248
passing_all_three	ENSG00000247934	+0.129	3521	9.78	81	True	0.0202	0.0061;0.0110;0.0123;0.0240;0.0606
passing_all_three	MILR1	+0.128	3554	12.47	88	True	0.0123	0.0021;0.0064;0.0072;0.0217;0.0275
passing_all_three	LINC02951	+0.123	3721	5.93	81	True	0.0203	0.0065;0.0182;0.0196;0.0254;0.0392
passing_all_three	ENSG00000232034	+0.102	4465	6.65	81	True	0.0276	0.0100;0.0127;0.0145;0.0426;0.0672
passing_all_three	ENSG00000280007	+0.096	4680	5.61	81	True	0.0230	0.0102;0.0173;0.0196;0.0234;0.0579
passing_all_three	ENSG00000287087	+0.074	5497	5.18	81	True	0.0370	0.0148;0.0154;0.0407;0.0557;0.0769
passing_all_three	ENSG00000278576	+0.062	5945	5.87	75	True	0.0224	0.0084;0.0161;0.0173;0.0293;0.0496
passing_all_three	TPM1-AS	+0.061	5991	18.70	94	True	0.0077	0.0006;0.0061;0.0101;0.0119;0.0133
passing_all_three	ENSG00000290784	+0.050	6422	5.26	69	True	0.0323	0.0146;0.0157;0.0365;0.0393;0.0769
passing_all_three	TUFT1	+0.049	6498	6.72	81	True	0.0135	0.0038;0.0075;0.0145;0.0211;0.0263
passing_all_three	DPYS	+0.048	6539	34.30	94	True	0.0209	0.0015;0.0170;0.0173;0.0258;0.0561
passing_all_three	ENSG00000286977	+0.045	6682	183.86	100	True	0.0113	0.0000;0.0107;0.0145;0.0175;0.0183
passing_all_three	ENSG00000250971	+0.039	6928	5.66	81	True	0.0137	0.0058;0.0069;0.0072;0.0199;0.0333
passing_all_three	RIIAD1	+0.038	6957	47.42	88	True	0.0207	0.0020;0.0097;0.0101;0.0111;0.0994
passing_all_three	PAX7	+0.022	7650	13.83	88	True	0.0087	0.0017;0.0023;0.0051;0.0143;0.0247
passing_all_three	SLC7A2	+0.022	7679	5.47	50	True	0.1948	0.0858;0.0923;0.1073;0.2844;0.4698
passing_all_three	ERBB3	-0.024	9826	13.94	75	True	0.0304	0.0065;0.0148;0.0225;0.0383;0.0920
passing_all_three	KIAA2012	-0.075	12257	9.23	81	True	0.0220	0.0063;0.0141;0.0144;0.0278;0.0587
above_PGR_on_association	HERC2P3	+0.782	1	28.76	12	True	10.6618	0.7823;3.2003;10.2162;20.8988;22.5004
above_PGR_on_association	ZNF385B	+0.745	2	13.41	12	False	2.9215	0.3605;1.2859;4.2377;5.3149;4.8375
above_PGR_on_association	GALNT15	+0.743	3	6.88	31	True	1.5795	0.5453;1.0455;1.2263;2.0504;3.7530
above_PGR_on_association	DPYD	+0.725	4	2.70	0	False	1.8701	1.0090;1.1910;2.6389;2.5522;2.7220
above_PGR_on_association	CDC14B	+0.721	5	10.00	25	True	0.9885	0.1843;0.8708;0.9170;1.4322;1.8448
above_PGR_on_association	SERPINB6	+0.685	6	1.68	0	False	3.1573	2.2634;2.7817;3.2452;3.9764;3.7988
