source	quantity	value	unit	doi	note
Solmi2022	peak_age_at_onset_any_mental_disorder	14.5	years	10.1038/s41380-021-01161-7	192 studies, 708,561 individuals; median 18, IQR 11 to 34
Solmi2022	onset_before_14_any_mental_disorder	34.6	percent	10.1038/s41380-021-01161-7	
Solmi2022	onset_before_18_any_mental_disorder	48.4	percent	10.1038/s41380-021-01161-7	
Solmi2022	onset_before_25_any_mental_disorder	62.5	percent	10.1038/s41380-021-01161-7	
Solmi2022	peak_age_neurodevelopmental	5.5	years	10.1038/s41380-021-01161-7	median 12
Solmi2022	peak_age_obsessive_compulsive	14.5	years	10.1038/s41380-021-01161-7	median 19
Solmi2022	peak_age_schizophrenia_spectrum	20.5	years	10.1038/s41380-021-01161-7	median 25
Goddard2014	PR_positive_share_of_uterine_venous_endothelium	22.7	percent	10.1016/j.cell.2013.12.025	per vessel cross section; 32.5 after hormone
Goddard2014	PR_positive_share_of_lymphatic_endothelium	21	percent	10.1016/j.cell.2013.12.025	24 after hormone
Goddard2014	route	PR induces NR4A1, which represses CLDN5, PECAM1 and CDH5	text	10.1016/j.cell.2013.12.025	ChIP-seq GSE43786, RNA-seq GSE46502; arterial endothelium lacks PR
