cohort,celltype,age,PGR,ZNF385B
Aging,Endo,21.0,0.91933,7.2953
Aging,Endo,50.0,0.79331,5.32942
Aging,Endo,48.0,0.75876,7.30807
Aging,Endo,54.0,1.53631,4.70631
Aging,Endo,44.0,0.89615,6.71443
Aging,Endo,70.0,0.56909,6.25996
Aging,Endo,70.0,1.53681,2.59336
Aging,Endo,89.0,1.32908,5.75935
Aging,Endo,48.0,0.92603,6.51649
Aging,Endo,14.0,0.06413,7.18271
Aging,Endo,43.0,0.8038,5.67086
Aging,Endo,56.0,0.98842,11.34801
Aging,Endo,16.0,0.70908,7.59137
Aging,Endo,40.0,0.94403,4.40547
Aging,Endo,13.0,1.54307,5.67696
Aging,Endo,12.0,0.67709,5.43005
Aging,Endo,50.0,1.18557,9.58917
Aging,Endo,61.0,1.05763,8.68537
Aging,Endo,53.0,0.94221,4.35771
Aging,Endo,10.0,0.23231,8.01478
Aging,Endo,16.0,0.34494,1.9479
Aging,Endo,40.0,0.62953,6.64508
Aging,Endo,18.0,1.19975,9.12954
Aging,Endo,50.0,1.01361,8.71707
Aging,Endo,80.0,0.72623,3.34064
Aging,Endo,4.0,0.04332,0.04332
Aging,Endo,42.0,1.55289,10.01615
Aging,Endo,53.0,0.80088,9.27329
Aging,Endo,61.0,1.46892,6.01167
Aging,Endo,26.0,0.68313,6.74017
Aging,Endo,51.0,0.9129,5.91692
Aging,Endo,13.0,0.46348,9.75619
Aging,Endo,65.0,1.49268,9.08045
Aging,Endo,67.0,1.12778,4.68921
Aging,Endo,57.0,0.29967,6.04331
Aging,Endo,41.0,1.01565,8.27865
Aging,Endo,72.0,0.89359,2.34182
Aging,Endo,18.0,0.76617,7.06208
Aging,Endo,2.0,0.0,0.24674
Aging,Endo,18.0,1.20258,11.53018
Aging,Endo,37.0,1.31983,7.6814
Aging,Endo,62.0,0.88286,4.85572
Aging,Endo,15.0,1.26695,8.45362
Aging,Endo,26.0,0.41429,3.1637
Aging,Endo,84.0,0.76944,1.57233
Aging,Endo,41.0,0.3111,2.64439
Aging,Endo,36.0,0.68941,9.82403
Aging,Endo,54.0,2.20638,8.96061
Aging,Endo,66.0,1.45436,6.67685
Aging,Endo,46.0,1.45587,12.18502
Aging,Endo,14.0,0.46048,5.64094
Aging,Endo,22.0,0.61463,8.99995
Aging,Endo,36.0,1.23268,10.02219
Aging,Endo,34.0,1.11658,7.4663
Aging,Endo,2.0,0.64762,1.2008
Aging,Endo,4.0,0.02453,0.88295
Aging,Endo,15.0,0.70822,5.56457
Aging,Endo,13.0,1.08116,10.60297
Aging,Endo,40.0,1.0514,6.20983
Aging,Endo,31.0,1.12918,7.39695
Aging,Endo,5.0,0.46737,6.66621
Aging,Endo,13.0,0.65051,6.86396
Aging,Endo,37.0,0.67737,4.70593
Aging,Endo,80.0,0.58066,3.31807
Aging,Endo,22.0,0.87665,10.71664
Aging,Endo,45.0,0.86531,1.04191
Aging,Endo,41.0,0.46752,3.40313
Aging,Endo,24.0,1.02491,8.08543
Aging,Endo,48.0,0.0,7.96827
Aging,Endo,85.0,1.34838,8.93301
Aging,Endo,46.0,1.11938,10.83033
Aging,Endo,38.0,1.09713,8.81244
Aging,Endo,24.0,0.71146,4.8095
Aging,Endo,13.0,0.87172,5.48459
Aging,Endo,85.0,1.6326,2.39448
Aging,Endo,3.0,0.09014,0.34769
Aging,Endo,52.0,0.78035,10.22264
Aging,Endo,13.0,0.82054,8.28841
Aging,Endo,67.0,1.65758,6.14688
Aging,Endo,31.0,1.06055,6.64886
Aging,Endo,64.0,0.79733,2.0143
Aging,Endo,61.0,0.32116,4.06804
Aging,Endo,44.0,1.42903,5.39345
Aging,Endo,48.0,1.06072,5.28532
Aging,Endo,53.0,0.83628,4.18139
Aging,Endo,16.0,0.66236,4.86582
Aging,Endo,65.0,1.47273,6.60099
Aging,Endo,8.0,0.66896,5.18447
Aging,Endo,4.0,0.42785,7.018
Aging,Endo,16.0,0.50004,4.39322
Aging,Endo,52.0,1.67268,3.18217
Aging,Endo,73.0,0.83203,3.22413
Aging,Endo,40.0,1.60834,7.48932
Aging,Endo,13.0,0.36642,5.92063
Aging,Endo,24.0,0.70506,8.03151
Aging,Endo,57.0,0.98106,7.10967
Aging,Endo,56.0,1.72965,3.35755
Aging,Endo,28.0,0.66817,6.8249
Aging,Endo,20.0,0.73846,10.56315
Aging,Endo,42.0,1.10085,13.52467
Aging,Endo,40.0,1.17089,5.71035
Aging,Endo,38.0,0.26883,1.77426
Aging,Endo,35.0,0.88468,3.34915
Aging,Endo,48.0,1.14196,6.53058
Aging,Endo,46.0,1.2115,7.87473
Aging,Endo,59.0,1.17189,11.41153
Aging,Endo,78.0,1.14704,5.749
Aging,Endo,45.0,1.23433,7.586
Aging,Endo,18.0,0.52014,3.0558
Aging,Endo,75.0,0.74798,3.40747
Aging,Endo,16.0,0.76103,2.09282
Aging,Endo,27.0,0.70523,6.09814
Aging,Endo,8.0,0.7517,1.81715
Aging,Endo,64.0,1.20026,4.57601
Aging,Endo,41.0,1.20524,10.59604
Aging,Endo,30.0,1.036,2.87543
Aging,Endo,56.0,1.19498,8.04621
Aging,Endo,58.0,0.67126,4.837
Aging,Endo,25.0,1.15976,9.34909
Aging,Endo,3.0,0.0,0.253
Aging,Endo,75.0,0.37433,2.16282
Aging,Endo,73.0,1.18077,4.81752
Aging,Endo,23.0,0.08403,1.26045
Aging,Endo,48.0,0.71346,6.96109
Aging,Endo,46.0,1.26318,8.46328
Aging,Endo,22.0,0.58404,10.96395
Aging,Endo,30.0,0.64322,5.70434
Aging,Endo,56.0,0.70962,0.99017
Aging,Endo,28.0,0.76241,7.06502
Aging,Endo,63.0,1.15383,11.46424
Aging,Endo,49.0,0.74902,2.38325
Aging,Endo,55.0,0.7978,13.99224
Aging,Endo,19.0,0.92552,5.8941
Aging,Endo,63.0,0.96847,4.19671
Aging,Endo,2.0,0.22623,4.00019
Aging,Endo,58.0,0.96415,7.32756
Aging,Endo,60.0,0.87408,5.46158
Aging,Endo,27.0,0.77836,1.80438
Aging,Endo,79.0,0.65683,2.38099
Aging,Endo,51.0,0.85915,5.91857
Aging,Endo,26.0,0.85183,11.42453
Aging,Endo,6.0,0.00929,0.60407
Aging,Endo,23.0,0.49574,7.02302
Aging,Endo,42.0,0.9442,9.49165
Aging,Endo,32.0,1.64138,4.28878
Aging,Endo,20.0,1.64501,1.64501
Aging,Endo,55.0,0.85934,7.94412
Aging,Endo,62.0,1.84271,5.73289
Aging,Endo,17.0,1.28041,6.01791
Aging,Endo,3.0,0.0,0.31781
Aging,Endo,18.0,0.86918,10.44034
Aging,Endo,45.0,0.96875,7.83604
Aging,Endo,66.0,2.69019,12.03506
Aging,Endo,16.0,0.83032,5.49727
Aging,Endo,49.0,0.57629,3.88995
Aging,Endo,58.0,0.84506,9.6188
Aging,Endo,4.0,0.01564,0.34397
Aging,Endo,73.0,1.65381,8.77237
Aging,Endo,69.0,1.50689,4.24669
Aging,Endo,38.0,1.05122,6.55334
Aging,Endo,24.0,0.74781,5.65734
Aging,Endo,51.0,0.6901,14.01762
Aging,Endo,57.0,0.85466,3.2214
Aging,Endo,53.0,0.81179,4.50996
Aging,Endo,36.0,1.28755,8.86135
Aging,Endo,31.0,1.14066,8.36481
Aging,Endo,65.0,0.53459,1.20283
Aging,Endo,2.0,0.16767,1.44001
Aging,Endo,30.0,1.87438,7.66936
Aging,Endo,69.0,0.17872,2.23404
Aging,Endo,67.0,1.42047,11.36374
Aging,Endo,2.0,0.03525,1.18854
Aging,Endo,30.0,0.7517,8.6354
Aging,Endo,80.0,0.68028,0.7483
Aging,Endo,51.0,1.0281,7.48726
Aging,Endo,23.0,0.94813,3.89482
Aging,Endo,20.0,0.4137,8.24057
Aging,Endo,61.0,0.63266,8.85721
Aging,Endo,15.0,0.9863,7.47121
Aging,Endo,55.0,0.8566,8.81393
Aging,Endo,15.0,1.30878,11.74784
Aging,Endo,42.0,0.77376,5.64199
Aging,Endo,48.0,0.42389,2.24054
Aging,Endo,14.0,0.64156,6.98961
Aging,Endo,6.0,0.91878,8.17714
Aging,Endo,52.0,0.72529,4.49679
Aging,Endo,76.0,0.65548,1.91962
Aging,Endo,27.0,0.72969,7.88978
Aging,Endo,28.0,0.75661,8.22812
Aging,Endo,35.0,1.13794,1.79444
Aging,Endo,35.0,0.74125,3.12384
Aging,Endo,40.0,0.82095,5.84927
Aging,Endo,71.0,0.40242,8.85324
Aging,Endo,83.0,0.8261,1.44568
Aging,Endo,29.0,0.93844,10.75053
Aging,Endo,54.0,1.41614,11.60972
Aging,Endo,31.0,0.9864,7.39799
Aging,Endo,40.0,0.9959,6.81193
Aging,Endo,16.0,0.81696,8.78448
Aging,Endo,31.0,0.14203,0.28406
Aging,Endo,23.0,0.45548,7.67305
Aging,Endo,71.0,1.13608,2.65086
Aging,Endo,83.0,0.98717,3.32222
Aging,Endo,50.0,1.44297,8.89475
Aging,Endo,41.0,0.43996,3.29968
Aging,Endo,51.0,0.6517,7.00573
Aging,Endo,57.0,1.12256,1.77738
HBCC,Endo,21.0,0.91933,7.2953
HBCC,Endo,50.0,0.79331,5.32942
HBCC,Endo,48.0,0.75876,7.30807
HBCC,Endo,30.0,0.93572,6.27576
HBCC,Endo,54.0,1.53631,4.70631
HBCC,Endo,63.0,1.0007,3.69377
HBCC,Endo,44.0,0.89615,6.71443
HBCC,Endo,48.0,0.92603,6.51649
HBCC,Endo,14.0,0.06413,7.18271
HBCC,Endo,32.0,0.42987,3.11654
HBCC,Endo,43.0,0.8038,5.67086
HBCC,Endo,56.0,0.98842,11.34801
HBCC,Endo,16.0,0.70908,7.59137
HBCC,Endo,35.0,0.74806,5.23639
HBCC,Endo,40.0,0.94403,4.40547
HBCC,Endo,44.0,0.14986,0.89916
HBCC,Endo,13.0,1.54307,5.67696
HBCC,Endo,12.0,0.67709,5.43005
HBCC,Endo,50.0,1.18557,9.58917
HBCC,Endo,61.0,1.05763,8.68537
HBCC,Endo,10.0,0.23231,8.01478
HBCC,Endo,16.0,0.34494,1.9479
HBCC,Endo,18.0,1.19975,9.12954
HBCC,Endo,36.0,1.72683,12.77856
HBCC,Endo,50.0,1.01361,8.71707
HBCC,Endo,74.0,1.82392,0.26434
HBCC,Endo,4.0,0.04332,0.04332
HBCC,Endo,42.0,1.55289,10.01615
HBCC,Endo,53.0,0.80088,9.27329
HBCC,Endo,61.0,1.46892,6.01167
HBCC,Endo,26.0,0.68313,6.74017
HBCC,Endo,51.0,0.9129,5.91692
HBCC,Endo,44.0,1.16117,10.29575
HBCC,Endo,57.0,0.49986,3.77671
HBCC,Endo,42.0,0.55631,9.52089
HBCC,Endo,13.0,0.46348,9.75619
HBCC,Endo,65.0,1.49268,9.08045
HBCC,Endo,18.0,1.11768,8.88496
HBCC,Endo,57.0,0.29967,6.04331
HBCC,Endo,41.0,1.01565,8.27865
HBCC,Endo,18.0,0.76617,7.06208
HBCC,Endo,53.0,0.87987,2.80151
HBCC,Endo,2.0,0.0,0.24674
HBCC,Endo,42.0,0.67398,6.06578
HBCC,Endo,18.0,1.20258,11.53018
HBCC,Endo,37.0,0.75705,6.09729
HBCC,Endo,56.0,0.41335,0.86804
HBCC,Endo,37.0,1.31983,7.6814
HBCC,Endo,15.0,1.26695,8.45362
HBCC,Endo,26.0,0.41429,3.1637
HBCC,Endo,54.0,1.16022,1.47259
HBCC,Endo,36.0,0.68941,9.82403
HBCC,Endo,32.0,1.02643,2.25315
HBCC,Endo,54.0,2.20638,8.96061
HBCC,Endo,46.0,1.45587,12.18502
HBCC,Endo,14.0,0.46048,5.64094
HBCC,Endo,22.0,0.61463,8.99995
HBCC,Endo,36.0,1.23268,10.02219
HBCC,Endo,34.0,1.11658,7.4663
HBCC,Endo,2.0,0.64762,1.2008
HBCC,Endo,31.0,0.67859,10.17879
HBCC,Endo,4.0,0.02453,0.88295
HBCC,Endo,15.0,0.70822,5.56457
HBCC,Endo,13.0,1.08116,10.60297
HBCC,Endo,40.0,1.0514,6.20983
HBCC,Endo,31.0,1.12918,7.39695
HBCC,Endo,5.0,0.46737,6.66621
HBCC,Endo,13.0,0.65051,6.86396
HBCC,Endo,37.0,0.67737,4.70593
HBCC,Endo,22.0,0.87665,10.71664
HBCC,Endo,45.0,0.86531,1.04191
HBCC,Endo,41.0,0.46752,3.40313
HBCC,Endo,24.0,1.02491,8.08543
HBCC,Endo,48.0,0.58175,2.61468
HBCC,Endo,45.0,0.83112,9.14236
HBCC,Endo,46.0,1.11938,10.83033
HBCC,Endo,38.0,1.09713,8.81244
HBCC,Endo,24.0,0.71146,4.8095
HBCC,Endo,13.0,0.87172,5.48459
HBCC,Endo,85.0,1.6326,2.39448
HBCC,Endo,39.0,0.803,6.74518
HBCC,Endo,76.0,0.9827,10.63098
HBCC,Endo,3.0,0.09014,0.34769
HBCC,Endo,60.0,1.25731,8.80113
HBCC,Endo,52.0,0.78035,10.22264
HBCC,Endo,13.0,0.82054,8.28841
HBCC,Endo,57.0,0.52166,6.56976
HBCC,Endo,60.0,1.16518,2.38102
HBCC,Endo,53.0,0.93895,3.85638
HBCC,Endo,31.0,1.06055,6.64886
HBCC,Endo,55.0,1.52433,8.23141
HBCC,Endo,44.0,1.42903,5.39345
HBCC,Endo,48.0,1.06072,5.28532
HBCC,Endo,16.0,0.66236,4.86582
HBCC,Endo,65.0,1.47273,6.60099
HBCC,Endo,58.0,0.87816,5.15185
HBCC,Endo,22.0,0.87102,8.3305
HBCC,Endo,8.0,0.66896,5.18447
HBCC,Endo,4.0,0.42785,7.018
HBCC,Endo,52.0,1.21313,3.6394
HBCC,Endo,16.0,0.50004,4.39322
HBCC,Endo,71.0,0.98981,4.49223
HBCC,Endo,52.0,1.67268,3.18217
HBCC,Endo,40.0,1.60834,7.48932
HBCC,Endo,39.0,1.73397,16.47268
HBCC,Endo,13.0,0.36642,5.92063
HBCC,Endo,24.0,0.70506,8.03151
HBCC,Endo,57.0,0.98106,7.10967
HBCC,Endo,20.0,0.73846,10.56315
HBCC,Endo,60.0,0.52552,9.48439
HBCC,Endo,40.0,1.17089,5.71035
HBCC,Endo,59.0,0.4496,8.76726
HBCC,Endo,38.0,0.26883,1.77426
HBCC,Endo,29.0,0.31814,1.49527
HBCC,Endo,48.0,1.14196,6.53058
HBCC,Endo,46.0,1.2115,7.87473
HBCC,Endo,29.0,0.51666,8.93826
HBCC,Endo,79.0,0.74029,7.40291
HBCC,Endo,50.0,1.21054,5.76445
HBCC,Endo,59.0,1.17189,11.41153
HBCC,Endo,78.0,1.14704,5.749
HBCC,Endo,45.0,1.23433,7.586
HBCC,Endo,18.0,0.52014,3.0558
HBCC,Endo,38.0,1.40736,16.31351
HBCC,Endo,42.0,0.84266,9.84859
HBCC,Endo,16.0,0.76103,2.09282
HBCC,Endo,47.0,1.38528,7.22864
HBCC,Endo,27.0,0.70523,6.09814
HBCC,Endo,8.0,0.7517,1.81715
HBCC,Endo,30.0,1.036,2.87543
HBCC,Endo,40.0,1.08792,12.47482
HBCC,Endo,39.0,1.0546,3.69111
HBCC,Endo,58.0,0.67126,4.837
HBCC,Endo,25.0,1.15976,9.34909
HBCC,Endo,3.0,0.0,0.253
HBCC,Endo,35.0,0.50576,11.06724
HBCC,Endo,46.0,0.93464,6.54248
HBCC,Endo,23.0,0.08403,1.26045
HBCC,Endo,36.0,0.82748,6.05098
HBCC,Endo,48.0,0.71346,6.96109
HBCC,Endo,51.0,0.25684,2.18316
HBCC,Endo,46.0,1.26318,8.46328
HBCC,Endo,54.0,0.96689,5.46164
HBCC,Endo,22.0,0.58404,10.96395
HBCC,Endo,30.0,0.64322,5.70434
HBCC,Endo,48.0,0.50581,5.8363
HBCC,Endo,59.0,1.06726,3.5433
HBCC,Endo,56.0,0.70962,0.99017
HBCC,Endo,28.0,0.76241,7.06502
HBCC,Endo,38.0,0.50659,0.86654
HBCC,Endo,52.0,0.62462,2.27539
HBCC,Endo,63.0,1.15383,11.46424
HBCC,Endo,55.0,0.7978,13.99224
HBCC,Endo,33.0,0.46212,0.46212
HBCC,Endo,19.0,0.92552,5.8941
HBCC,Endo,47.0,1.24197,6.1097
HBCC,Endo,62.0,0.87897,2.94712
HBCC,Endo,33.0,1.2627,7.54161
HBCC,Endo,56.0,0.22049,1.7639
HBCC,Endo,43.0,1.30865,1.35653
HBCC,Endo,54.0,0.8262,1.98288
HBCC,Endo,2.0,0.22623,4.00019
HBCC,Endo,38.0,0.57672,2.88358
HBCC,Endo,21.0,0.58515,0.61812
HBCC,Endo,60.0,0.87408,5.46158
HBCC,Endo,41.0,1.02638,5.84408
HBCC,Endo,27.0,0.77836,1.80438
HBCC,Endo,53.0,0.91124,8.09395
HBCC,Endo,26.0,0.85183,11.42453
HBCC,Endo,46.0,1.02634,5.8159
HBCC,Endo,6.0,0.00929,0.60407
HBCC,Endo,21.0,0.31501,2.55943
HBCC,Endo,23.0,0.49574,7.02302
HBCC,Endo,42.0,0.9442,9.49165
HBCC,Endo,32.0,1.64138,4.28878
HBCC,Endo,25.0,0.94705,12.27521
HBCC,Endo,20.0,1.64501,1.64501
HBCC,Endo,60.0,0.61386,5.8527
HBCC,Endo,48.0,0.54234,2.95628
HBCC,Endo,57.0,0.97285,2.73405
HBCC,Endo,43.0,1.32564,6.9596
HBCC,Endo,43.0,0.94316,1.49988
HBCC,Endo,55.0,0.85934,7.94412
HBCC,Endo,17.0,1.28041,6.01791
HBCC,Endo,3.0,0.0,0.31781
HBCC,Endo,57.0,0.60995,5.39326
HBCC,Endo,18.0,0.86918,10.44034
HBCC,Endo,60.0,1.58981,8.6115
HBCC,Endo,45.0,0.96875,7.83604
HBCC,Endo,16.0,0.83032,5.49727
HBCC,Endo,58.0,0.84506,9.6188
HBCC,Endo,4.0,0.01564,0.34397
HBCC,Endo,73.0,1.65381,8.77237
HBCC,Endo,45.0,1.03332,2.34017
HBCC,Endo,24.0,0.74781,5.65734
HBCC,Endo,51.0,0.6901,14.01762
HBCC,Endo,57.0,0.85466,3.2214
HBCC,Endo,53.0,0.81179,4.50996
HBCC,Endo,44.0,0.76669,2.77402
HBCC,Endo,45.0,0.72107,2.65536
HBCC,Endo,31.0,1.14066,8.36481
HBCC,Endo,75.0,0.56602,3.8456
HBCC,Endo,2.0,0.16767,1.44001
HBCC,Endo,50.0,1.04702,12.94861
HBCC,Endo,30.0,1.87438,7.66936
HBCC,Endo,27.0,1.21305,9.49857
HBCC,Endo,67.0,1.42047,11.36374
HBCC,Endo,68.0,0.5719,1.76473
HBCC,Endo,2.0,0.03525,1.18854
HBCC,Endo,30.0,0.7517,8.6354
HBCC,Endo,51.0,1.0281,7.48726
HBCC,Endo,48.0,0.29903,1.66126
HBCC,Endo,23.0,0.94813,3.89482
HBCC,Endo,20.0,0.4137,8.24057
HBCC,Endo,15.0,0.9863,7.47121
HBCC,Endo,55.0,0.8566,8.81393
HBCC,Endo,45.0,1.11475,4.61156
HBCC,Endo,51.0,1.16826,4.44838
HBCC,Endo,15.0,1.30878,11.74784
HBCC,Endo,48.0,0.42389,2.24054
HBCC,Endo,21.0,0.97212,8.41766
HBCC,Endo,54.0,1.62573,9.33482
HBCC,Endo,34.0,0.16974,0.86657
HBCC,Endo,66.0,1.21246,8.8914
HBCC,Endo,14.0,0.64156,6.98961
HBCC,Endo,6.0,0.91878,8.17714
HBCC,Endo,52.0,0.72529,4.49679
HBCC,Endo,20.0,1.33321,15.53344
HBCC,Endo,45.0,0.75617,1.32329
HBCC,Endo,27.0,0.72969,7.88978
HBCC,Endo,24.0,0.61868,7.06652
HBCC,Endo,28.0,0.75661,8.22812
HBCC,Endo,34.0,0.82382,4.02104
HBCC,Endo,75.0,1.10023,8.78635
HBCC,Endo,35.0,1.13794,1.79444
HBCC,Endo,49.0,0.45744,9.14885
HBCC,Endo,40.0,0.82095,5.84927
HBCC,Endo,29.0,0.93844,10.75053
HBCC,Endo,54.0,1.41614,11.60972
HBCC,Endo,48.0,1.43156,4.86732
HBCC,Endo,31.0,0.9864,7.39799
HBCC,Endo,40.0,0.9959,6.81193
HBCC,Endo,16.0,0.81696,8.78448
HBCC,Endo,23.0,0.45548,7.67305
HBCC,Endo,71.0,1.13608,2.65086
HBCC,Endo,83.0,0.98717,3.32222
HBCC,Endo,48.0,0.8533,8.01436
HBCC,Endo,50.0,1.44297,8.89475
HBCC,Endo,41.0,0.43996,3.29968
HBCC,Endo,51.0,0.6517,7.00573
HBCC,Endo,57.0,1.12256,1.77738
HBCC,Endo,50.0,1.21516,8.18731
MSSM,Endo,76.0,0.57954,12.34876
MSSM,Endo,84.0,0.72473,4.92818
MSSM,Endo,80.0,0.71939,3.23725
MSSM,Endo,80.0,0.5845,2.19188
MSSM,Endo,87.0,0.37748,5.5543
MSSM,Endo,74.0,0.46078,4.45424
MSSM,Endo,80.0,0.81791,1.22686
MSSM,Endo,79.0,1.78892,8.53801
MSSM,Endo,86.0,1.04985,6.13334
MSSM,Endo,62.0,1.00408,1.23229
MSSM,Endo,65.0,0.92763,4.75916
MSSM,Endo,78.0,0.86599,3.91092
MSSM,Endo,86.0,0.48844,1.57386
MSSM,Endo,79.0,0.90847,1.49774
MSSM,Endo,80.0,1.38071,1.09004
MSSM,Endo,75.0,0.26067,1.51187
MSSM,Endo,85.0,0.56875,2.18022
MSSM,Endo,67.0,2.70008,1.94405
MSSM,Endo,70.0,0.56909,6.25996
MSSM,Endo,80.0,0.47691,4.59025
MSSM,Endo,69.0,0.89121,4.15899
MSSM,Endo,80.0,1.90089,1.80584
MSSM,Endo,78.0,0.42699,2.52907
MSSM,Endo,45.0,0.59244,2.53563
MSSM,Endo,80.0,0.12019,2.04329
MSSM,Endo,80.0,0.42538,3.31796
MSSM,Endo,83.0,1.23654,1.85481
MSSM,Endo,70.0,1.53681,2.59336
MSSM,Endo,73.0,1.36439,3.34275
MSSM,Endo,77.0,0.80188,3.49053
MSSM,Endo,55.0,1.69369,9.96198
MSSM,Endo,89.0,1.32908,5.75935
MSSM,Endo,73.0,1.12722,4.04328
MSSM,Endo,83.0,0.72877,3.34018
MSSM,Endo,80.0,0.36305,2.54138
MSSM,Endo,80.0,0.78841,2.16813
MSSM,Endo,80.0,1.00217,2.75597
MSSM,Endo,84.0,0.91059,2.27647
MSSM,Endo,77.0,1.32859,13.28595
MSSM,Endo,77.0,0.74547,2.00344
MSSM,Endo,81.0,1.37584,3.3536
MSSM,Endo,38.0,1.06257,0.30359
MSSM,Endo,53.0,0.94221,4.35771
MSSM,Endo,84.0,0.73945,2.09512
MSSM,Endo,71.0,0.73833,2.70721
MSSM,Endo,76.0,0.83468,1.41254
MSSM,Endo,81.0,0.61282,3.84408
MSSM,Endo,40.0,0.62953,6.64508
MSSM,Endo,80.0,1.00356,1.53486
MSSM,Endo,80.0,0.79231,3.96153
MSSM,Endo,80.0,0.28826,4.1797
MSSM,Endo,80.0,0.72623,3.34064
MSSM,Endo,80.0,0.4715,7.20718
MSSM,Endo,68.0,0.63249,3.03594
MSSM,Endo,80.0,1.12797,1.35356
MSSM,Endo,50.0,0.19927,4.43368
MSSM,Endo,85.0,0.95495,5.7297
MSSM,Endo,67.0,1.12778,4.68921
MSSM,Endo,87.0,0.44508,6.5279
MSSM,Endo,72.0,0.89359,2.34182
MSSM,Endo,80.0,0.89459,3.52063
MSSM,Endo,79.0,0.3065,1.53249
MSSM,Endo,68.0,0.82538,2.54493
MSSM,Endo,80.0,1.57625,3.74358
MSSM,Endo,57.0,1.24845,5.05621
MSSM,Endo,73.0,0.47589,1.42766
MSSM,Endo,80.0,1.5573,2.55843
MSSM,Endo,80.0,0.50613,4.21775
MSSM,Endo,62.0,0.88286,4.85572
MSSM,Endo,80.0,0.86671,3.3224
MSSM,Endo,72.0,0.97542,4.61107
MSSM,Endo,81.0,0.55078,2.20311
MSSM,Endo,83.0,0.55956,2.18738
MSSM,Endo,77.0,0.88936,1.33404
MSSM,Endo,83.0,0.28209,2.25674
MSSM,Endo,84.0,0.76944,1.57233
MSSM,Endo,74.0,0.54983,6.98278
MSSM,Endo,86.0,0.37408,1.34669
MSSM,Endo,80.0,0.3479,5.47936
MSSM,Endo,73.0,0.88951,3.62158
MSSM,Endo,86.0,1.16651,6.86947
MSSM,Endo,75.0,0.99432,1.71434
MSSM,Endo,80.0,0.25425,2.4789
MSSM,Endo,54.0,0.48339,1.93355
MSSM,Endo,89.0,0.19179,5.27416
MSSM,Endo,41.0,0.3111,2.64439
MSSM,Endo,41.0,1.06945,11.50936
MSSM,Endo,74.0,1.04618,4.27984
MSSM,Endo,84.0,0.56602,5.0942
MSSM,Endo,74.0,0.43755,3.50041
MSSM,Endo,76.0,0.48011,1.44034
MSSM,Endo,83.0,0.14609,0.73047
MSSM,Endo,66.0,1.45436,6.67685
MSSM,Endo,69.0,1.77244,2.99951
MSSM,Endo,71.0,0.3565,2.25785
MSSM,Endo,80.0,0.5659,6.22495
MSSM,Endo,55.0,0.71754,4.7537
MSSM,Endo,80.0,1.37587,2.46209
MSSM,Endo,80.0,0.47772,1.43315
MSSM,Endo,88.0,1.5112,4.20978
MSSM,Endo,80.0,0.37496,0.8124
MSSM,Endo,80.0,0.58066,3.31807
MSSM,Endo,86.0,0.77559,2.27137
MSSM,Endo,68.0,0.69667,3.93123
MSSM,Endo,80.0,0.56553,3.77017
MSSM,Endo,57.0,0.77412,3.59414
MSSM,Endo,84.0,0.40894,0.74973
MSSM,Endo,88.0,0.86656,1.29984
MSSM,Endo,48.0,0.0,7.96827
MSSM,Endo,85.0,1.34838,8.93301
MSSM,Endo,78.0,1.6654,5.96036
MSSM,Endo,83.0,1.04387,1.60595
MSSM,Endo,81.0,1.16931,12.44484
MSSM,Endo,82.0,1.1358,5.679
MSSM,Endo,60.0,1.17348,6.53237
MSSM,Endo,75.0,1.21074,3.00733
MSSM,Endo,80.0,0.87656,1.35468
MSSM,Endo,53.0,1.78564,4.57857
MSSM,Endo,89.0,0.89712,2.44668
MSSM,Endo,85.0,0.73484,2.47174
MSSM,Endo,67.0,1.65758,6.14688
MSSM,Endo,85.0,1.25232,1.9354
MSSM,Endo,64.0,0.79733,2.0143
MSSM,Endo,68.0,1.11761,5.58806
MSSM,Endo,80.0,0.2189,1.09452
MSSM,Endo,27.0,0.43368,6.18
MSSM,Endo,80.0,0.4449,2.92366
MSSM,Endo,69.0,0.64132,1.37426
MSSM,Endo,61.0,0.32116,4.06804
MSSM,Endo,77.0,0.45576,9.24539
MSSM,Endo,73.0,0.91801,3.16204
MSSM,Endo,53.0,0.83628,4.18139
MSSM,Endo,86.0,1.03053,8.03817
MSSM,Endo,80.0,1.02298,4.28372
MSSM,Endo,75.0,1.16727,7.58725
MSSM,Endo,84.0,0.52682,4.97553
MSSM,Endo,80.0,0.32792,2.7873
MSSM,Endo,79.0,0.43541,1.88678
MSSM,Endo,80.0,0.45516,5.31023
MSSM,Endo,89.0,0.89727,10.12639
MSSM,Endo,84.0,1.51586,6.7815
MSSM,Endo,73.0,0.83203,3.22413
MSSM,Endo,78.0,1.10085,2.03234
MSSM,Endo,51.0,0.22984,2.22181
MSSM,Endo,89.0,0.53164,1.06328
MSSM,Endo,73.0,1.01472,3.3824
MSSM,Endo,73.0,0.87017,2.69753
MSSM,Endo,72.0,0.92548,5.83767
MSSM,Endo,80.0,0.64163,5.32556
MSSM,Endo,80.0,0.97167,3.60638
MSSM,Endo,80.0,0.73037,4.12137
MSSM,Endo,56.0,1.72965,3.35755
MSSM,Endo,28.0,0.66817,6.8249
MSSM,Endo,79.0,1.62496,3.16439
MSSM,Endo,54.0,0.81462,1.75144
MSSM,Endo,85.0,1.1183,7.82808
MSSM,Endo,82.0,1.44065,4.32194
MSSM,Endo,59.0,0.58367,4.96119
MSSM,Endo,81.0,1.07317,4.18536
MSSM,Endo,80.0,0.45614,7.35529
MSSM,Endo,76.0,0.0,1.31643
MSSM,Endo,64.0,1.61877,3.98466
MSSM,Endo,42.0,1.10085,13.52467
MSSM,Endo,35.0,0.88468,3.34915
MSSM,Endo,82.0,2.89195,2.18659
MSSM,Endo,73.0,0.48094,0.76951
MSSM,Endo,80.0,1.5189,4.22444
MSSM,Endo,88.0,0.63157,0.52875
MSSM,Endo,80.0,1.00352,3.65989
MSSM,Endo,80.0,1.20088,10.80789
MSSM,Endo,64.0,0.43409,0.78137
MSSM,Endo,88.0,0.74029,1.48058
MSSM,Endo,80.0,1.1013,8.24563
MSSM,Endo,75.0,0.74798,3.40747
MSSM,Endo,60.0,0.58913,1.91468
MSSM,Endo,89.0,1.52696,9.08141
MSSM,Endo,83.0,0.148,4.95804
MSSM,Endo,89.0,0.11105,6.21904
MSSM,Endo,59.0,0.58331,12.58291
MSSM,Endo,80.0,0.76216,10.24677
MSSM,Endo,71.0,0.68463,4.79244
MSSM,Endo,60.0,1.15481,7.7372
MSSM,Endo,60.0,1.16646,1.83301
MSSM,Endo,86.0,1.58085,2.7969
MSSM,Endo,64.0,1.20026,4.57601
MSSM,Endo,41.0,1.20524,10.59604
MSSM,Endo,72.0,1.01618,2.1496
MSSM,Endo,60.0,1.00873,7.51962
MSSM,Endo,80.0,1.40588,1.93308
MSSM,Endo,84.0,0.48011,1.20027
MSSM,Endo,79.0,1.37653,10.95718
MSSM,Endo,56.0,1.19498,8.04621
MSSM,Endo,75.0,0.37433,2.16282
MSSM,Endo,64.0,0.84544,6.48167
MSSM,Endo,73.0,1.18077,4.81752
MSSM,Endo,77.0,0.99862,7.3232
MSSM,Endo,68.0,1.19728,6.7506
MSSM,Endo,80.0,1.71199,1.02719
MSSM,Endo,74.0,1.46444,11.61088
MSSM,Endo,80.0,0.67675,3.38377
MSSM,Endo,88.0,0.47309,4.96744
MSSM,Endo,78.0,1.5352,2.70917
MSSM,Endo,82.0,0.48504,3.15274
MSSM,Endo,63.0,1.47316,1.38651
MSSM,Endo,49.0,0.74902,2.38325
MSSM,Endo,52.0,1.07901,10.22716
MSSM,Endo,82.0,1.59924,3.26512
MSSM,Endo,80.0,0.72083,2.79851
MSSM,Endo,80.0,0.62868,2.12181
MSSM,Endo,84.0,0.88211,2.11707
MSSM,Endo,84.0,0.99231,3.22501
MSSM,Endo,83.0,0.58261,5.65964
MSSM,Endo,54.0,1.40348,1.98826
MSSM,Endo,85.0,0.58305,1.13541
MSSM,Endo,53.0,0.71852,4.88593
MSSM,Endo,80.0,0.85321,4.01007
MSSM,Endo,80.0,0.71751,0.98658
MSSM,Endo,63.0,0.96847,4.19671
MSSM,Endo,66.0,0.62018,1.58146
MSSM,Endo,83.0,1.30799,6.28679
MSSM,Endo,83.0,0.79052,1.54511
MSSM,Endo,78.0,0.68889,5.0519
MSSM,Endo,87.0,0.43708,3.95673
MSSM,Endo,64.0,0.20033,2.40391
MSSM,Endo,80.0,0.97525,2.2608
MSSM,Endo,86.0,0.85731,3.71503
MSSM,Endo,86.0,0.82242,3.20745
MSSM,Endo,80.0,0.57661,5.02471
MSSM,Endo,81.0,1.32515,3.90571
MSSM,Endo,58.0,0.96415,7.32756
MSSM,Endo,61.0,0.94665,13.0953
MSSM,Endo,79.0,0.65683,2.38099
MSSM,Endo,51.0,0.85915,5.91857
MSSM,Endo,76.0,0.98691,3.21452
MSSM,Endo,80.0,0.50497,5.83516
MSSM,Endo,63.0,0.64578,0.90409
MSSM,Endo,88.0,1.70653,2.80046
MSSM,Endo,80.0,1.5936,1.78108
MSSM,Endo,86.0,3.84699,0.69049
MSSM,Endo,83.0,1.29007,3.97772
MSSM,Endo,80.0,2.04374,1.5721
MSSM,Endo,64.0,0.56146,5.70819
MSSM,Endo,86.0,1.36997,6.62153
MSSM,Endo,88.0,0.74018,2.59061
MSSM,Endo,73.0,0.81811,2.41875
MSSM,Endo,80.0,1.3764,1.43624
MSSM,Endo,77.0,1.30756,2.69204
MSSM,Endo,82.0,0.57319,2.38416
MSSM,Endo,80.0,1.48883,3.76585
MSSM,Endo,87.0,0.47687,2.92082
MSSM,Endo,58.0,1.27355,5.6855
MSSM,Endo,87.0,0.5061,0.75914
MSSM,Endo,62.0,1.84271,5.73289
MSSM,Endo,79.0,1.35918,2.20867
MSSM,Endo,80.0,0.59613,6.11037
MSSM,Endo,75.0,0.07085,1.20452
MSSM,Endo,82.0,0.83947,4.77851
MSSM,Endo,80.0,1.07899,3.25898
MSSM,Endo,43.0,1.38908,7.63995
MSSM,Endo,80.0,0.94368,4.05227
MSSM,Endo,82.0,1.84606,1.35378
MSSM,Endo,79.0,1.05052,5.53276
MSSM,Endo,68.0,1.71683,7.03899
MSSM,Endo,77.0,0.17923,1.13511
MSSM,Endo,74.0,1.65971,8.82666
MSSM,Endo,85.0,0.68228,1.36455
MSSM,Endo,81.0,0.61113,4.07417
MSSM,Endo,81.0,1.0066,2.41583
MSSM,Endo,66.0,2.69019,12.03506
MSSM,Endo,74.0,1.01526,2.44857
MSSM,Endo,86.0,0.34939,4.36735
MSSM,Endo,49.0,0.57629,3.88995
MSSM,Endo,71.0,0.05461,2.89436
MSSM,Endo,76.0,0.53233,1.77444
MSSM,Endo,80.0,1.53853,3.32521
MSSM,Endo,69.0,1.50689,4.24669
MSSM,Endo,85.0,1.30522,3.09132
MSSM,Endo,77.0,0.89922,1.07906
MSSM,Endo,80.0,1.03117,1.80455
MSSM,Endo,55.0,1.16473,5.20247
MSSM,Endo,38.0,1.05122,6.55334
MSSM,Endo,36.0,1.28755,8.86135
MSSM,Endo,82.0,0.7351,2.69537
MSSM,Endo,80.0,1.86539,2.49254
MSSM,Endo,65.0,0.53459,1.20283
MSSM,Endo,69.0,0.17872,2.23404
MSSM,Endo,80.0,0.73254,1.46508
MSSM,Endo,60.0,0.66045,5.09487
MSSM,Endo,81.0,0.72636,3.54101
MSSM,Endo,80.0,1.47187,0.89592
MSSM,Endo,80.0,0.68028,0.7483
MSSM,Endo,82.0,0.51364,4.02349
MSSM,Endo,80.0,1.31935,4.94758
MSSM,Endo,85.0,0.53279,0.86578
MSSM,Endo,89.0,0.8125,3.77231
MSSM,Endo,83.0,1.76236,17.42774
MSSM,Endo,67.0,0.62202,3.73213
MSSM,Endo,61.0,0.63266,8.85721
MSSM,Endo,80.0,1.73244,5.84698
MSSM,Endo,79.0,1.24984,3.55219
MSSM,Endo,80.0,1.67098,8.82276
MSSM,Endo,78.0,0.7964,4.9554
MSSM,Endo,45.0,0.5534,2.42114
MSSM,Endo,76.0,0.20864,0.62592
MSSM,Endo,58.0,0.59448,3.0913
MSSM,Endo,80.0,2.04109,3.31678
MSSM,Endo,42.0,0.77376,5.64199
MSSM,Endo,64.0,1.13289,1.77014
MSSM,Endo,89.0,0.15939,2.11192
MSSM,Endo,80.0,0.62125,5.7854
MSSM,Endo,80.0,0.70614,3.29533
MSSM,Endo,77.0,0.80652,4.33507
MSSM,Endo,88.0,0.43688,0.97085
MSSM,Endo,80.0,0.33092,2.54807
MSSM,Endo,80.0,0.7239,3.35624
MSSM,Endo,88.0,0.87778,2.50034
MSSM,Endo,87.0,0.77784,3.11135
MSSM,Endo,80.0,1.32622,2.19114
MSSM,Endo,76.0,0.65548,1.91962
MSSM,Endo,50.0,1.381,3.61183
MSSM,Endo,80.0,0.72819,7.56192
MSSM,Endo,84.0,1.55941,5.46995
MSSM,Endo,79.0,0.51598,5.28875
MSSM,Endo,84.0,0.73256,1.40407
MSSM,Endo,80.0,1.25107,6.88088
MSSM,Endo,74.0,0.75727,5.72159
MSSM,Endo,19.0,0.3707,2.4559
MSSM,Endo,60.0,0.60093,2.68986
MSSM,Endo,69.0,0.74305,5.86181
MSSM,Endo,81.0,1.6786,1.85845
MSSM,Endo,87.0,1.49591,1.08038
MSSM,Endo,80.0,0.67829,3.98494
MSSM,Endo,89.0,1.06002,0.97169
MSSM,Endo,80.0,1.52938,4.58815
MSSM,Endo,62.0,1.00683,1.10751
MSSM,Endo,81.0,1.48795,7.34054
MSSM,Endo,80.0,1.80132,3.52433
MSSM,Endo,80.0,1.09982,2.09489
MSSM,Endo,35.0,0.74125,3.12384
MSSM,Endo,71.0,0.40242,8.85324
MSSM,Endo,83.0,0.8261,1.44568
MSSM,Endo,72.0,1.10059,2.36628
MSSM,Endo,59.0,0.45676,1.47177
MSSM,Endo,80.0,1.07394,2.40057
MSSM,Endo,80.0,1.26399,8.15277
MSSM,Endo,76.0,0.94398,3.52751
MSSM,Endo,80.0,1.10908,7.53761
MSSM,Endo,80.0,0.82364,7.85631
MSSM,Endo,87.0,0.65216,4.7608
MSSM,Endo,31.0,0.14203,0.28406
MSSM,Endo,86.0,0.71861,1.36878
MSSM,Endo,80.0,0.49198,1.47595
MSSM,Endo,59.0,0.66813,6.53468
MSSM,Endo,67.0,2.58236,4.46044
MSSM,Endo,84.0,1.08265,7.93947
MSSM,Endo,73.0,1.07031,7.99582
MSSM,Endo,63.0,0.72127,2.57597
MSSM,Endo,63.0,0.77303,1.90285
MSSM,Endo,68.0,1.69412,1.5904
MSSM,Endo,72.0,0.73971,3.18076
MSSM,Endo,88.0,0.73408,4.72566
MSSM,Endo,84.0,1.06189,2.19458
MSSM,Endo,84.0,0.79042,4.83037
MSSM,Endo,39.0,0.76732,7.1251
MSSM,Endo,70.0,0.80672,4.78268
MSSM,Endo,89.0,1.33624,3.48584
RADC,Endo,80.0,0.56945,1.18952
RADC,Endo,88.0,1.36792,6.03771
RADC,Endo,86.0,0.84255,3.70722
RADC,Endo,76.0,1.2969,6.12135
RADC,Endo,80.0,0.88263,3.99287
RADC,Endo,80.0,1.84027,1.58933
RADC,Endo,80.0,1.2298,2.00815
RADC,Endo,83.0,0.34777,2.20257
RADC,Endo,89.0,0.3797,1.1391
RADC,Endo,65.0,1.11627,7.77538
RADC,Endo,72.0,1.08981,2.9869
RADC,Endo,80.0,1.2025,3.48725
RADC,Endo,79.0,0.95454,2.33861
RADC,Endo,79.0,1.17578,1.80889
RADC,Endo,80.0,0.59091,1.63636
RADC,Endo,82.0,0.67202,1.87701
RADC,Endo,84.0,0.64415,4.00582
RADC,Endo,83.0,0.62991,4.3627
RADC,Endo,80.0,1.20531,3.49833
RADC,Endo,80.0,0.66987,7.71593
RADC,Endo,81.0,0.22525,2.40264
RADC,Endo,81.0,0.46641,5.19879
RADC,Endo,80.0,0.64153,1.42886
RADC,Endo,83.0,1.18763,0.9798
RADC,Endo,64.0,0.40942,1.0708
RADC,Endo,85.0,0.81808,2.77092
RADC,Endo,81.0,0.94151,1.52303
RADC,Endo,85.0,1.07635,4.04561
RADC,Endo,80.0,0.57309,3.08969
RADC,Endo,87.0,0.35798,1.70041
RADC,Endo,86.0,0.43465,0.97422
RADC,Endo,80.0,0.78723,5.3007
RADC,Endo,80.0,1.16321,1.87126
RADC,Endo,66.0,0.93192,3.37507
RADC,Endo,79.0,1.4367,3.03304
RADC,Endo,75.0,0.5542,2.43848
RADC,Endo,85.0,0.34425,1.20928
RADC,Endo,80.0,0.62383,4.60071
RADC,Endo,84.0,0.6753,2.89414
RADC,Endo,72.0,1.69273,10.43853
RADC,Endo,82.0,0.72066,2.88265
RADC,Endo,80.0,0.55382,5.95354
RADC,Endo,80.0,0.62962,2.43206
RADC,Endo,86.0,1.62131,9.00731
RADC,Endo,73.0,0.68938,2.89539
RADC,Endo,89.0,0.97937,2.30697
RADC,Endo,80.0,0.75449,2.2777
RADC,Endo,80.0,0.84675,2.67051
RADC,Endo,54.0,0.66358,2.28105
RADC,Endo,80.0,1.42386,2.69517
RADC,Endo,82.0,1.0607,6.21653
RADC,Endo,80.0,0.76486,4.43618
RADC,Endo,89.0,1.35194,1.80259
RADC,Endo,84.0,1.61865,1.0791
RADC,Endo,82.0,0.82772,2.72425
RADC,Endo,77.0,1.12842,4.10334
RADC,Endo,88.0,0.44446,0.88892
RADC,Endo,78.0,0.69856,5.49097
RADC,Endo,88.0,0.74022,3.4758
RADC,Endo,79.0,0.26097,2.69671
RADC,Endo,80.0,1.34094,1.31046
RADC,Endo,80.0,0.69681,0.60971
RADC,Endo,85.0,0.81483,1.96163
RADC,Endo,78.0,0.43436,0.57915
RADC,Endo,85.0,1.39667,2.26959
RADC,Endo,80.0,0.66629,3.41273
RADC,Endo,80.0,0.97279,4.13434
RADC,Endo,73.0,1.22577,1.77736
RADC,Endo,88.0,0.62921,5.20529
RADC,Endo,65.0,0.93099,6.57171
RADC,Endo,80.0,1.09278,3.82472
RADC,Endo,71.0,1.22704,2.93125
RADC,Endo,80.0,0.55496,1.80361
RADC,Endo,73.0,1.1476,3.11377
RADC,Endo,78.0,1.13012,3.99677
RADC,Endo,80.0,0.61449,2.45798
RADC,Endo,80.0,0.53769,4.5948
RADC,Endo,80.0,0.67239,2.78296
RADC,Endo,80.0,0.61296,1.79173
RADC,Endo,80.0,0.22655,3.57947
RADC,Endo,89.0,0.63586,5.68989
RADC,Endo,83.0,0.72199,3.13269
RADC,Endo,75.0,1.18802,1.6352
RADC,Endo,83.0,0.67337,2.13234
RADC,Endo,80.0,0.32825,2.82978
RADC,Endo,87.0,1.13463,4.85622
RADC,Endo,80.0,0.73316,3.42142
RADC,Endo,85.0,0.5006,1.51696
RADC,Endo,66.0,0.56002,0.98003
RADC,Endo,80.0,1.28906,3.7315
RADC,Endo,85.0,1.02872,3.611
RADC,Endo,80.0,0.86605,1.92962
RADC,Endo,80.0,2.0167,2.64692
RADC,Endo,79.0,0.7331,2.89909
RADC,Endo,70.0,2.26977,3.38149
RADC,Endo,89.0,1.12455,2.14686
RADC,Endo,89.0,0.7753,4.68343
RADC,Endo,66.0,0.11189,4.62178
RADC,Endo,67.0,0.67159,3.42512
RADC,Endo,78.0,0.55087,1.50237
RADC,Endo,80.0,1.27824,5.38826
RADC,Endo,80.0,0.53363,3.35425
RADC,Endo,80.0,0.43271,2.20291
RADC,Endo,69.0,1.07833,0.99695
RADC,Endo,80.0,0.70893,2.41871
RADC,Endo,80.0,0.57396,1.65811
RADC,Endo,80.0,0.90804,2.43405
Aging,PC,21.0,0.13231,2.21616
Aging,PC,50.0,0.14827,2.52055
Aging,PC,48.0,0.32647,5.74589
Aging,PC,54.0,0.31943,2.63526
Aging,PC,55.0,0.08645,1.33996
Aging,PC,44.0,0.19136,7.84595
Aging,PC,36.0,0.31206,1.48229
Aging,PC,70.0,0.28593,4.86087
Aging,PC,70.0,0.15968,2.87432
Aging,PC,48.0,0.36115,2.3776
Aging,PC,14.0,0.19608,4.80392
Aging,PC,43.0,0.30792,4.28011
Aging,PC,56.0,0.32505,6.88345
Aging,PC,16.0,0.23496,3.17196
Aging,PC,40.0,0.20704,4.83098
Aging,PC,13.0,0.28393,4.38511
Aging,PC,12.0,0.27009,7.57687
Aging,PC,50.0,0.28614,8.41259
Aging,PC,61.0,0.77179,2.00665
Aging,PC,53.0,0.23607,1.65246
Aging,PC,10.0,0.09584,4.40847
Aging,PC,16.0,0.86487,1.55677
Aging,PC,18.0,0.58305,6.16364
Aging,PC,50.0,0.39251,1.72269
Aging,PC,80.0,0.54077,2.43345
Aging,PC,42.0,0.14128,3.03752
Aging,PC,53.0,0.31422,4.39904
Aging,PC,61.0,0.35373,2.98702
Aging,PC,13.0,0.39092,5.70747
Aging,PC,57.0,0.41132,3.24217
Aging,PC,41.0,0.46008,7.27185
Aging,PC,72.0,0.45142,2.88908
Aging,PC,18.0,0.51526,6.31199
Aging,PC,2.0,0.06153,0.21537
Aging,PC,18.0,0.33003,5.55546
Aging,PC,80.0,0.0,4.29757
Aging,PC,37.0,0.2252,6.86875
Aging,PC,62.0,0.3691,2.76827
Aging,PC,15.0,0.51958,4.61848
Aging,PC,26.0,0.42728,3.61767
Aging,PC,84.0,0.6016,0.84224
Aging,PC,42.0,0.93535,3.60779
Aging,PC,41.0,0.13759,1.10072
Aging,PC,36.0,0.16942,4.15082
Aging,PC,66.0,0.34412,5.72097
Aging,PC,46.0,0.50439,2.70877
Aging,PC,14.0,0.16011,2.72187
Aging,PC,22.0,0.2335,6.88834
Aging,PC,36.0,0.12215,1.77123
Aging,PC,34.0,0.23244,5.47891
Aging,PC,2.0,0.20517,0.46895
Aging,PC,4.0,0.06483,2.07446
Aging,PC,15.0,0.26937,2.62633
Aging,PC,13.0,0.41449,4.78543
Aging,PC,40.0,0.09886,6.22807
Aging,PC,31.0,0.56629,3.86968
Aging,PC,5.0,0.24559,2.57865
Aging,PC,13.0,0.32445,0.45804
Aging,PC,37.0,0.28257,5.93405
Aging,PC,22.0,0.21614,5.76365
Aging,PC,45.0,0.16368,6.98374
Aging,PC,41.0,0.44403,5.28797
Aging,PC,24.0,0.1568,4.31207
Aging,PC,46.0,0.43339,4.14124
Aging,PC,38.0,0.3234,3.96168
Aging,PC,24.0,0.64865,2.27026
Aging,PC,13.0,0.44984,4.69122
Aging,PC,85.0,0.1212,2.66651
Aging,PC,3.0,0.24408,0.19526
Aging,PC,52.0,0.46574,8.07275
Aging,PC,13.0,0.11561,5.4724
Aging,PC,67.0,0.47391,2.2116
Aging,PC,31.0,0.70945,4.96614
Aging,PC,64.0,0.08632,2.41706
Aging,PC,61.0,0.55018,4.76819
Aging,PC,48.0,0.29002,1.97212
Aging,PC,52.0,0.1684,2.86287
Aging,PC,53.0,0.71048,5.50618
Aging,PC,16.0,0.32847,5.25549
Aging,PC,65.0,0.2711,2.53023
Aging,PC,53.0,0.57929,5.1245
Aging,PC,8.0,0.36499,3.28495
Aging,PC,4.0,0.41841,4.06161
Aging,PC,16.0,0.51017,5.61185
Aging,PC,52.0,0.19026,1.14156
Aging,PC,40.0,0.45868,3.62119
Aging,PC,13.0,0.44993,4.29357
Aging,PC,57.0,0.2154,3.66187
Aging,PC,28.0,0.0,3.106
Aging,PC,20.0,0.26838,4.3516
Aging,PC,42.0,0.07345,4.70111
Aging,PC,40.0,0.28911,1.78287
Aging,PC,58.0,0.65817,1.97452
Aging,PC,48.0,0.25117,5.09516
Aging,PC,59.0,0.27862,2.67471
Aging,PC,78.0,0.36682,5.69795
Aging,PC,45.0,0.28854,3.99832
Aging,PC,18.0,0.48805,1.30145
Aging,PC,75.0,0.70677,1.73481
Aging,PC,8.0,0.30747,2.05766
Aging,PC,64.0,0.13701,4.11021
Aging,PC,41.0,0.54026,2.76885
Aging,PC,30.0,0.5279,1.79487
Aging,PC,56.0,0.62073,2.89675
Aging,PC,58.0,0.34814,2.34996
Aging,PC,3.0,0.0,1.40049
Aging,PC,75.0,0.1006,2.61548
Aging,PC,48.0,0.65305,6.85699
Aging,PC,46.0,0.55756,5.12952
Aging,PC,22.0,0.10515,5.99334
Aging,PC,30.0,0.35787,4.4571
Aging,PC,56.0,0.42281,2.66372
Aging,PC,28.0,0.15374,3.07489
Aging,PC,63.0,0.38739,5.2943
Aging,PC,49.0,0.87295,1.55884
Aging,PC,70.0,0.61322,4.19034
Aging,PC,19.0,0.1991,2.28967
Aging,PC,49.0,0.47542,1.06968
Aging,PC,2.0,0.27295,0.54589
Aging,PC,58.0,0.58597,4.39479
Aging,PC,60.0,0.37511,2.69897
Aging,PC,4.0,0.0,1.57093
Aging,PC,27.0,0.20996,3.67427
Aging,PC,79.0,0.27969,2.33079
Aging,PC,26.0,0.33897,4.21042
Aging,PC,6.0,0.05911,0.91622
Aging,PC,23.0,0.81486,3.09648
Aging,PC,42.0,0.40851,3.1773
Aging,PC,59.0,0.8265,5.60186
Aging,PC,32.0,0.27412,2.63154
Aging,PC,20.0,0.35408,4.50188
Aging,PC,55.0,0.47336,2.44568
Aging,PC,17.0,0.48155,5.2435
Aging,PC,15.0,0.16735,3.1796
Aging,PC,3.0,0.29135,0.50986
Aging,PC,18.0,0.45267,5.48862
Aging,PC,45.0,0.35127,7.07078
Aging,PC,66.0,0.36492,2.73693
Aging,PC,16.0,0.32413,3.33391
Aging,PC,49.0,0.12868,1.86591
Aging,PC,58.0,0.48148,6.25919
Aging,PC,4.0,0.11477,0.45906
Aging,PC,73.0,0.48982,3.48995
Aging,PC,69.0,0.66648,4.29512
Aging,PC,38.0,0.58925,5.49969
Aging,PC,24.0,0.45894,6.60878
Aging,PC,51.0,0.31291,2.71192
Aging,PC,57.0,0.76847,6.66005
Aging,PC,53.0,0.59761,3.21214
Aging,PC,36.0,0.43797,1.60587
Aging,PC,63.0,0.74543,6.83315
Aging,PC,31.0,0.19835,5.25632
Aging,PC,65.0,0.12285,1.59706
Aging,PC,2.0,0.23284,0.56548
Aging,PC,30.0,0.72527,6.13181
Aging,PC,67.0,0.26687,1.6902
Aging,PC,2.0,0.10275,1.01035
Aging,PC,30.0,0.35034,5.06053
Aging,PC,51.0,0.90242,2.29076
Aging,PC,23.0,0.68218,5.5624
Aging,PC,20.0,0.29768,6.77224
Aging,PC,61.0,0.4736,2.8416
Aging,PC,55.0,0.30362,6.85039
Aging,PC,15.0,0.30457,2.86296
Aging,PC,42.0,0.46883,5.62601
Aging,PC,14.0,0.32197,4.76512
Aging,PC,6.0,0.29521,5.85493
Aging,PC,52.0,0.78578,2.59913
Aging,PC,27.0,0.37206,5.08483
Aging,PC,35.0,0.0,3.83097
Aging,PC,71.0,0.46942,2.22976
Aging,PC,83.0,0.25696,0.59957
Aging,PC,29.0,0.47334,2.90766
Aging,PC,54.0,0.64493,3.32139
Aging,PC,31.0,0.61589,5.78939
Aging,PC,40.0,0.44141,4.13823
Aging,PC,16.0,0.50988,4.14936
Aging,PC,31.0,0.0,0.33745
Aging,PC,23.0,0.71696,4.5025
Aging,PC,83.0,0.39157,2.8193
Aging,PC,50.0,0.0,4.74618
Aging,PC,57.0,0.19041,4.88712
HBCC,PC,21.0,0.13231,2.21616
HBCC,PC,50.0,0.14827,2.52055
HBCC,PC,48.0,0.32647,5.74589
HBCC,PC,30.0,0.31973,3.112
HBCC,PC,54.0,0.31943,2.63526
HBCC,PC,63.0,0.13278,0.92943
HBCC,PC,44.0,0.19136,7.84595
HBCC,PC,48.0,0.36115,2.3776
HBCC,PC,14.0,0.19608,4.80392
HBCC,PC,43.0,0.30792,4.28011
HBCC,PC,56.0,0.32505,6.88345
HBCC,PC,16.0,0.23496,3.17196
HBCC,PC,35.0,0.18297,2.86655
HBCC,PC,40.0,0.20704,4.83098
HBCC,PC,13.0,0.28393,4.38511
HBCC,PC,40.0,0.45065,3.49256
HBCC,PC,12.0,0.27009,7.57687
HBCC,PC,50.0,0.28614,8.41259
HBCC,PC,61.0,0.77179,2.00665
HBCC,PC,10.0,0.09584,4.40847
HBCC,PC,16.0,0.86487,1.55677
HBCC,PC,18.0,0.58305,6.16364
HBCC,PC,36.0,0.20355,2.8497
HBCC,PC,50.0,0.39251,1.72269
HBCC,PC,74.0,0.33517,2.23444
HBCC,PC,42.0,0.14128,3.03752
HBCC,PC,53.0,0.31422,4.39904
HBCC,PC,61.0,0.35373,2.98702
HBCC,PC,44.0,0.48726,3.77623
HBCC,PC,57.0,0.28507,2.7411
HBCC,PC,42.0,0.65262,4.64361
HBCC,PC,13.0,0.39092,5.70747
HBCC,PC,18.0,0.31936,6.06782
HBCC,PC,57.0,0.41132,3.24217
HBCC,PC,41.0,0.46008,7.27185
HBCC,PC,18.0,0.51526,6.31199
HBCC,PC,53.0,0.21291,0.63872
HBCC,PC,2.0,0.06153,0.21537
HBCC,PC,42.0,0.44481,3.21038
HBCC,PC,18.0,0.33003,5.55546
HBCC,PC,37.0,0.82589,3.01208
HBCC,PC,56.0,0.15698,0.78489
HBCC,PC,37.0,0.2252,6.86875
HBCC,PC,15.0,0.51958,4.61848
HBCC,PC,26.0,0.42728,3.61767
HBCC,PC,54.0,0.81225,2.03061
HBCC,PC,36.0,0.16942,4.15082
HBCC,PC,46.0,0.50439,2.70877
HBCC,PC,14.0,0.16011,2.72187
HBCC,PC,22.0,0.2335,6.88834
HBCC,PC,36.0,0.12215,1.77123
HBCC,PC,34.0,0.23244,5.47891
HBCC,PC,2.0,0.20517,0.46895
HBCC,PC,31.0,0.04804,4.61162
HBCC,PC,4.0,0.06483,2.07446
HBCC,PC,15.0,0.26937,2.62633
HBCC,PC,13.0,0.41449,4.78543
HBCC,PC,40.0,0.09886,6.22807
HBCC,PC,31.0,0.56629,3.86968
HBCC,PC,5.0,0.24559,2.57865
HBCC,PC,13.0,0.32445,0.45804
HBCC,PC,37.0,0.28257,5.93405
HBCC,PC,22.0,0.21614,5.76365
HBCC,PC,45.0,0.16368,6.98374
HBCC,PC,41.0,0.44403,5.28797
HBCC,PC,24.0,0.1568,4.31207
HBCC,PC,48.0,0.17163,3.14083
HBCC,PC,46.0,0.43339,4.14124
HBCC,PC,38.0,0.3234,3.96168
HBCC,PC,24.0,0.64865,2.27026
HBCC,PC,13.0,0.44984,4.69122
HBCC,PC,85.0,0.1212,2.66651
HBCC,PC,76.0,0.58316,4.76251
HBCC,PC,3.0,0.24408,0.19526
HBCC,PC,60.0,0.24485,2.44854
HBCC,PC,52.0,0.46574,8.07275
HBCC,PC,13.0,0.11561,5.4724
HBCC,PC,57.0,0.28266,4.72821
HBCC,PC,60.0,0.0,1.69754
HBCC,PC,53.0,0.28523,2.06795
HBCC,PC,31.0,0.70945,4.96614
HBCC,PC,55.0,0.29186,4.33622
HBCC,PC,48.0,0.29002,1.97212
HBCC,PC,16.0,0.32847,5.25549
HBCC,PC,65.0,0.2711,2.53023
HBCC,PC,58.0,0.21057,2.82165
HBCC,PC,22.0,0.60384,6.18414
HBCC,PC,8.0,0.36499,3.28495
HBCC,PC,4.0,0.41841,4.06161
HBCC,PC,52.0,0.14851,2.97021
HBCC,PC,16.0,0.51017,5.61185
HBCC,PC,71.0,0.17676,3.71199
HBCC,PC,52.0,0.19026,1.14156
HBCC,PC,40.0,0.45868,3.62119
HBCC,PC,29.0,0.49843,3.44373
HBCC,PC,13.0,0.44993,4.29357
HBCC,PC,57.0,0.2154,3.66187
HBCC,PC,20.0,0.26838,4.3516
HBCC,PC,60.0,0.3011,4.34448
HBCC,PC,40.0,0.28911,1.78287
HBCC,PC,29.0,0.3232,0.6464
HBCC,PC,48.0,0.25117,5.09516
HBCC,PC,29.0,0.56652,7.17593
HBCC,PC,79.0,0.62079,4.14802
HBCC,PC,50.0,0.6002,1.80061
HBCC,PC,59.0,0.27862,2.67471
HBCC,PC,78.0,0.36682,5.69795
HBCC,PC,45.0,0.28854,3.99832
HBCC,PC,18.0,0.48805,1.30145
HBCC,PC,38.0,0.39901,2.99258
HBCC,PC,42.0,0.41716,3.97903
HBCC,PC,47.0,0.31647,3.74488
HBCC,PC,8.0,0.30747,2.05766
HBCC,PC,30.0,0.5279,1.79487
HBCC,PC,40.0,0.50943,4.05326
HBCC,PC,58.0,0.34814,2.34996
HBCC,PC,3.0,0.0,1.40049
HBCC,PC,35.0,0.85315,8.06614
HBCC,PC,48.0,0.65305,6.85699
HBCC,PC,51.0,0.30766,0.67685
HBCC,PC,46.0,0.55756,5.12952
HBCC,PC,54.0,0.16461,2.13991
HBCC,PC,22.0,0.10515,5.99334
HBCC,PC,30.0,0.35787,4.4571
HBCC,PC,48.0,0.54732,6.78682
HBCC,PC,56.0,0.42281,2.66372
HBCC,PC,28.0,0.15374,3.07489
HBCC,PC,38.0,0.04119,0.72084
HBCC,PC,52.0,0.12766,1.07234
HBCC,PC,63.0,0.38739,5.2943
HBCC,PC,33.0,0.11943,0.95543
HBCC,PC,19.0,0.1991,2.28967
HBCC,PC,47.0,0.46926,2.14519
HBCC,PC,33.0,0.72008,4.62055
HBCC,PC,56.0,0.03815,0.57232
HBCC,PC,43.0,0.48543,2.6092
HBCC,PC,2.0,0.27295,0.54589
HBCC,PC,54.0,0.23191,2.43507
HBCC,PC,38.0,0.42234,3.44915
HBCC,PC,60.0,0.37511,2.69897
HBCC,PC,4.0,0.0,1.57093
HBCC,PC,41.0,0.07297,0.94865
HBCC,PC,27.0,0.20996,3.67427
HBCC,PC,26.0,0.33897,4.21042
HBCC,PC,6.0,0.05911,0.91622
HBCC,PC,21.0,0.08986,1.43783
HBCC,PC,23.0,0.81486,3.09648
HBCC,PC,42.0,0.40851,3.1773
HBCC,PC,32.0,0.27412,2.63154
HBCC,PC,25.0,0.43334,4.62231
HBCC,PC,20.0,0.35408,4.50188
HBCC,PC,60.0,0.22717,3.02897
HBCC,PC,48.0,0.0819,2.56614
HBCC,PC,57.0,0.67208,5.60065
HBCC,PC,43.0,0.50127,5.93174
HBCC,PC,43.0,0.10489,0.80763
HBCC,PC,55.0,0.47336,2.44568
HBCC,PC,17.0,0.48155,5.2435
HBCC,PC,15.0,0.16735,3.1796
HBCC,PC,3.0,0.29135,0.50986
HBCC,PC,57.0,0.28001,7.72022
HBCC,PC,18.0,0.45267,5.48862
HBCC,PC,45.0,0.35127,7.07078
HBCC,PC,16.0,0.32413,3.33391
HBCC,PC,58.0,0.48148,6.25919
HBCC,PC,4.0,0.11477,0.45906
HBCC,PC,73.0,0.48982,3.48995
HBCC,PC,45.0,0.2497,0.74909
HBCC,PC,24.0,0.45894,6.60878
HBCC,PC,51.0,0.31291,2.71192
HBCC,PC,57.0,0.76847,6.66005
HBCC,PC,53.0,0.59761,3.21214
HBCC,PC,44.0,0.19111,1.09891
HBCC,PC,45.0,0.24552,3.90003
HBCC,PC,31.0,0.19835,5.25632
HBCC,PC,75.0,0.34457,2.57524
HBCC,PC,2.0,0.23284,0.56548
HBCC,PC,50.0,0.20494,3.70751
HBCC,PC,30.0,0.72527,6.13181
HBCC,PC,27.0,0.61478,3.50427
HBCC,PC,67.0,0.26687,1.6902
HBCC,PC,68.0,0.31152,2.61198
HBCC,PC,2.0,0.10275,1.01035
HBCC,PC,30.0,0.35034,5.06053
HBCC,PC,51.0,0.90242,2.29076
HBCC,PC,48.0,0.56514,2.34749
HBCC,PC,23.0,0.68218,5.5624
HBCC,PC,20.0,0.29768,6.77224
HBCC,PC,52.0,0.08493,1.01921
HBCC,PC,55.0,0.30362,6.85039
HBCC,PC,45.0,0.54564,5.05624
HBCC,PC,15.0,0.30457,2.86296
HBCC,PC,21.0,0.3792,6.59801
HBCC,PC,54.0,0.46293,9.548
HBCC,PC,34.0,0.24041,0.7663
HBCC,PC,66.0,0.54323,3.98367
HBCC,PC,14.0,0.32197,4.76512
HBCC,PC,6.0,0.29521,5.85493
HBCC,PC,52.0,0.78578,2.59913
HBCC,PC,20.0,0.39237,3.5313
HBCC,PC,27.0,0.37206,5.08483
HBCC,PC,24.0,0.64208,4.55296
HBCC,PC,34.0,0.1915,3.48531
HBCC,PC,75.0,0.45812,4.967
HBCC,PC,49.0,0.13461,2.75953
HBCC,PC,29.0,0.47334,2.90766
HBCC,PC,54.0,0.64493,3.32139
HBCC,PC,48.0,0.17249,1.49487
HBCC,PC,31.0,0.61589,5.78939
HBCC,PC,40.0,0.44141,4.13823
HBCC,PC,16.0,0.50988,4.14936
HBCC,PC,23.0,0.71696,4.5025
HBCC,PC,83.0,0.39157,2.8193
HBCC,PC,48.0,0.85791,4.41823
HBCC,PC,50.0,0.0,4.74618
HBCC,PC,57.0,0.19041,4.88712
HBCC,PC,50.0,0.38354,3.23512
HBCC,PC,49.0,0.0,0.3257
MSSM,PC,84.0,0.58598,2.61028
MSSM,PC,80.0,0.5687,1.65439
MSSM,PC,87.0,0.16786,5.11977
MSSM,PC,80.0,0.08677,2.95008
MSSM,PC,79.0,0.78971,2.7903
MSSM,PC,55.0,0.08645,1.33996
MSSM,PC,86.0,0.34053,2.99668
MSSM,PC,36.0,0.31206,1.48229
MSSM,PC,73.0,0.58893,3.41578
MSSM,PC,58.0,0.24409,5.02827
MSSM,PC,69.0,0.15978,1.5978
MSSM,PC,78.0,0.22408,3.1371
MSSM,PC,86.0,0.06348,2.15824
MSSM,PC,80.0,0.39657,1.98284
MSSM,PC,85.0,0.29898,1.42017
MSSM,PC,67.0,0.12573,1.38307
MSSM,PC,74.0,0.28374,2.55363
MSSM,PC,70.0,0.28593,4.86087
MSSM,PC,69.0,0.55723,4.23497
MSSM,PC,80.0,0.34821,1.4625
MSSM,PC,78.0,0.0,0.89907
MSSM,PC,45.0,0.14867,3.04778
MSSM,PC,73.0,0.68414,6.27131
MSSM,PC,80.0,0.30503,1.3218
MSSM,PC,83.0,0.35978,1.9188
MSSM,PC,70.0,0.15968,2.87432
MSSM,PC,73.0,0.16903,4.56382
MSSM,PC,83.0,0.66702,1.66756
MSSM,PC,55.0,0.57139,5.42822
MSSM,PC,73.0,0.59581,6.07159
MSSM,PC,83.0,0.08806,1.67318
MSSM,PC,80.0,0.66031,0.69333
MSSM,PC,87.0,0.12196,3.29284
MSSM,PC,80.0,0.07712,2.00514
MSSM,PC,89.0,0.28311,4.88368
MSSM,PC,89.0,0.6278,4.48426
MSSM,PC,88.0,0.45751,2.13506
MSSM,PC,77.0,1.19617,2.90499
MSSM,PC,85.0,0.59274,2.10754
MSSM,PC,81.0,0.25629,0.85428
MSSM,PC,53.0,0.23607,1.65246
MSSM,PC,84.0,0.09216,1.65886
MSSM,PC,71.0,0.29558,1.77348
MSSM,PC,76.0,0.54418,3.21064
MSSM,PC,81.0,0.67106,5.6201
MSSM,PC,80.0,0.19339,1.61159
MSSM,PC,80.0,0.54077,2.43345
MSSM,PC,80.0,0.13984,4.4749
MSSM,PC,68.0,0.39569,3.95685
MSSM,PC,78.0,0.05878,2.17468
MSSM,PC,87.0,0.78082,2.16895
MSSM,PC,72.0,0.45142,2.88908
MSSM,PC,80.0,0.14283,3.61838
MSSM,PC,86.0,0.17127,0.59944
MSSM,PC,79.0,0.27843,2.85388
MSSM,PC,80.0,0.0,4.29757
MSSM,PC,80.0,0.23897,0.95589
MSSM,PC,60.0,0.5999,1.84968
MSSM,PC,73.0,0.3272,2.07227
MSSM,PC,80.0,0.10608,4.66749
MSSM,PC,80.0,0.0,4.70341
MSSM,PC,62.0,0.3691,2.76827
MSSM,PC,80.0,0.76818,1.53636
MSSM,PC,80.0,0.27532,2.95972
MSSM,PC,72.0,0.23408,1.5605
MSSM,PC,81.0,0.37624,2.57582
MSSM,PC,83.0,0.09288,2.69344
MSSM,PC,72.0,0.55118,3.99609
MSSM,PC,84.0,0.6016,0.84224
MSSM,PC,74.0,0.28486,4.70019
MSSM,PC,80.0,0.24991,1.12461
MSSM,PC,86.0,0.17375,0.98461
MSSM,PC,80.0,0.22712,3.80425
MSSM,PC,80.0,1.20796,3.86548
MSSM,PC,69.0,0.64075,2.75521
MSSM,PC,80.0,0.15996,1.91951
MSSM,PC,73.0,0.31261,1.35463
MSSM,PC,86.0,0.26451,1.05802
MSSM,PC,75.0,0.35433,2.18503
MSSM,PC,80.0,0.40831,2.77651
MSSM,PC,54.0,0.37436,0.12479
MSSM,PC,42.0,0.93535,3.60779
MSSM,PC,80.0,0.37311,4.85038
MSSM,PC,41.0,0.13759,1.10072
MSSM,PC,41.0,0.18858,4.52587
MSSM,PC,84.0,0.34097,3.23917
MSSM,PC,74.0,0.17252,1.41468
MSSM,PC,76.0,0.07805,1.45684
MSSM,PC,66.0,0.34412,5.72097
MSSM,PC,69.0,0.20874,12.38537
MSSM,PC,71.0,0.07966,1.59328
MSSM,PC,80.0,0.0,1.52198
MSSM,PC,74.0,0.43938,3.00241
MSSM,PC,55.0,0.49982,3.49874
MSSM,PC,80.0,0.38103,2.6672
MSSM,PC,80.0,0.50187,3.26215
MSSM,PC,80.0,0.26064,1.5204
MSSM,PC,86.0,0.33326,2.22175
MSSM,PC,57.0,0.26808,3.6861
MSSM,PC,84.0,0.0,1.56657
MSSM,PC,81.0,0.38193,4.58321
MSSM,PC,82.0,0.25671,3.08052
MSSM,PC,60.0,0.53849,5.08202
MSSM,PC,75.0,0.57921,1.54456
MSSM,PC,80.0,0.57546,1.4962
MSSM,PC,89.0,0.31634,3.6605
MSSM,PC,85.0,0.29164,4.22882
MSSM,PC,67.0,0.47391,2.2116
MSSM,PC,64.0,0.08632,2.41706
MSSM,PC,80.0,0.10727,3.53994
MSSM,PC,61.0,0.55018,4.76819
MSSM,PC,73.0,0.12805,1.79273
MSSM,PC,52.0,0.1684,2.86287
MSSM,PC,53.0,0.71048,5.50618
MSSM,PC,71.0,0.34371,1.48941
MSSM,PC,85.0,0.40483,3.80539
MSSM,PC,65.0,0.82396,3.70782
MSSM,PC,53.0,0.57929,5.1245
MSSM,PC,84.0,0.16741,2.59484
MSSM,PC,79.0,0.21722,2.60661
MSSM,PC,65.0,0.12802,2.94449
MSSM,PC,80.0,0.19863,5.89277
MSSM,PC,83.0,0.0,1.67832
MSSM,PC,74.0,0.15054,0.75269
MSSM,PC,84.0,0.39179,2.8545
MSSM,PC,78.0,0.67862,3.46098
MSSM,PC,51.0,0.53442,2.72557
MSSM,PC,73.0,0.23075,3.2305
MSSM,PC,65.0,0.15107,3.85237
MSSM,PC,80.0,0.0,3.12314
MSSM,PC,80.0,0.64409,4.50864
MSSM,PC,89.0,0.4432,4.11538
MSSM,PC,80.0,0.29532,3.10083
MSSM,PC,80.0,0.29671,2.27477
MSSM,PC,80.0,0.38803,2.82708
MSSM,PC,80.0,0.79306,0.79306
MSSM,PC,28.0,0.0,3.106
MSSM,PC,85.0,0.65075,2.11494
MSSM,PC,61.0,0.69591,4.26246
MSSM,PC,80.0,1.09593,2.19186
MSSM,PC,42.0,0.07345,4.70111
MSSM,PC,58.0,0.65817,1.97452
MSSM,PC,82.0,0.36792,1.99727
MSSM,PC,73.0,0.24572,0.12286
MSSM,PC,80.0,0.23223,0.55735
MSSM,PC,88.0,0.71163,2.43139
MSSM,PC,80.0,0.68963,2.62058
MSSM,PC,83.0,1.64051,0.98431
MSSM,PC,80.0,0.20301,4.06017
MSSM,PC,64.0,0.0,0.33569
MSSM,PC,80.0,0.51335,1.65412
MSSM,PC,75.0,0.70677,1.73481
MSSM,PC,89.0,0.4405,1.80206
MSSM,PC,83.0,0.53422,2.21318
MSSM,PC,89.0,0.67384,4.13927
MSSM,PC,80.0,0.54862,2.19449
MSSM,PC,85.0,0.59165,2.85965
MSSM,PC,88.0,0.21734,3.91207
MSSM,PC,59.0,0.47565,3.9003
MSSM,PC,80.0,0.4098,3.41502
MSSM,PC,60.0,0.37334,4.5068
MSSM,PC,86.0,0.53844,3.41013
MSSM,PC,64.0,0.13701,4.11021
MSSM,PC,41.0,0.54026,2.76885
MSSM,PC,72.0,0.20023,2.72308
MSSM,PC,60.0,0.31618,7.58837
MSSM,PC,80.0,0.63451,3.87758
MSSM,PC,84.0,0.17975,1.61779
MSSM,PC,79.0,0.0,4.02621
MSSM,PC,56.0,0.62073,2.89675
MSSM,PC,66.0,0.55842,5.42464
MSSM,PC,75.0,0.1006,2.61548
MSSM,PC,71.0,0.20108,0.60324
MSSM,PC,88.0,0.99879,1.55367
MSSM,PC,68.0,0.12137,3.94441
MSSM,PC,80.0,0.16795,0.55983
MSSM,PC,74.0,0.39088,1.17264
MSSM,PC,80.0,0.49855,1.09682
MSSM,PC,82.0,0.45302,2.94464
MSSM,PC,80.0,0.46439,2.78636
MSSM,PC,88.0,0.59781,3.53705
MSSM,PC,82.0,0.2004,2.03738
MSSM,PC,63.0,0.54276,3.56669
MSSM,PC,80.0,0.15889,3.25715
MSSM,PC,49.0,0.87295,1.55884
MSSM,PC,70.0,0.61322,4.19034
MSSM,PC,52.0,0.64258,4.66719
MSSM,PC,82.0,0.88471,4.12866
MSSM,PC,61.0,0.33187,4.48021
MSSM,PC,80.0,0.49055,3.53894
MSSM,PC,80.0,0.37001,0.24667
MSSM,PC,80.0,0.34717,3.02533
MSSM,PC,84.0,0.3904,0.87839
MSSM,PC,83.0,0.38456,1.53823
MSSM,PC,54.0,0.47717,4.89103
MSSM,PC,85.0,0.31488,1.02335
MSSM,PC,53.0,0.10803,5.5097
MSSM,PC,80.0,0.396,2.772
MSSM,PC,66.0,0.4233,5.74982
MSSM,PC,80.0,0.12715,0.0
MSSM,PC,83.0,0.6925,2.76999
MSSM,PC,88.0,0.14932,1.79187
MSSM,PC,83.0,0.37184,1.79721
MSSM,PC,49.0,0.47542,1.06968
MSSM,PC,78.0,0.19071,2.38388
MSSM,PC,87.0,0.75683,2.82091
MSSM,PC,64.0,0.20497,0.15372
MSSM,PC,80.0,0.35589,3.20299
MSSM,PC,80.0,0.0,1.10249
MSSM,PC,58.0,0.58597,4.39479
MSSM,PC,85.0,0.9652,3.01626
MSSM,PC,80.0,0.39625,3.76435
MSSM,PC,79.0,0.27969,2.33079
MSSM,PC,88.0,0.49714,2.92067
MSSM,PC,76.0,0.28545,1.63113
MSSM,PC,32.0,0.36469,1.09407
MSSM,PC,80.0,0.52484,1.04967
MSSM,PC,80.0,0.41308,5.78311
MSSM,PC,58.0,0.87665,2.19162
MSSM,PC,81.0,0.43508,3.62566
MSSM,PC,76.0,0.21791,1.52539
MSSM,PC,63.0,0.21698,2.2783
MSSM,PC,88.0,0.46383,4.5919
MSSM,PC,58.0,0.14797,0.66587
MSSM,PC,59.0,0.8265,5.60186
MSSM,PC,86.0,0.64928,4.73046
MSSM,PC,71.0,0.32984,2.80368
MSSM,PC,86.0,0.12155,0.36464
MSSM,PC,85.0,0.08245,2.96819
MSSM,PC,73.0,1.00425,2.71147
MSSM,PC,83.0,0.27099,0.90329
MSSM,PC,64.0,0.37673,3.54126
MSSM,PC,88.0,0.0339,0.98317
MSSM,PC,73.0,0.26325,2.05336
MSSM,PC,77.0,0.19513,2.14641
MSSM,PC,82.0,0.08314,1.16402
MSSM,PC,80.0,0.67103,5.36823
MSSM,PC,87.0,0.28132,3.20704
MSSM,PC,58.0,0.30458,5.67271
MSSM,PC,79.0,0.43867,2.85138
MSSM,PC,80.0,0.61196,7.34349
MSSM,PC,82.0,0.27985,3.30221
MSSM,PC,80.0,0.62182,1.40585
MSSM,PC,80.0,0.54705,6.1739
MSSM,PC,82.0,0.35264,1.58687
MSSM,PC,79.0,0.78269,2.51579
MSSM,PC,81.0,0.0,1.29868
MSSM,PC,81.0,0.27392,2.83051
MSSM,PC,66.0,0.36492,2.73693
MSSM,PC,74.0,0.30386,1.67123
MSSM,PC,86.0,0.11511,3.74118
MSSM,PC,49.0,0.12868,1.86591
MSSM,PC,71.0,0.33767,2.4481
MSSM,PC,80.0,0.20347,1.62774
MSSM,PC,80.0,0.08266,0.6613
MSSM,PC,69.0,0.66648,4.29512
MSSM,PC,85.0,0.26359,2.58315
MSSM,PC,80.0,0.62429,3.8898
MSSM,PC,55.0,0.18803,4.57531
MSSM,PC,38.0,0.58925,5.49969
MSSM,PC,77.0,0.13109,10.02851
MSSM,PC,78.0,0.64118,2.99219
MSSM,PC,36.0,0.43797,1.60587
MSSM,PC,86.0,0.71602,3.49062
MSSM,PC,63.0,0.74543,6.83315
MSSM,PC,80.0,0.40009,0.40009
MSSM,PC,79.0,0.31635,6.01057
MSSM,PC,80.0,0.2666,2.98595
MSSM,PC,65.0,0.12285,1.59706
MSSM,PC,83.0,0.45514,2.44638
MSSM,PC,80.0,0.05915,2.45458
MSSM,PC,73.0,0.09793,2.64408
MSSM,PC,81.0,0.68635,4.95154
MSSM,PC,89.0,0.09867,0.98672
MSSM,PC,80.0,0.51101,1.53304
MSSM,PC,82.0,0.18283,2.15742
MSSM,PC,85.0,0.0,0.5573
MSSM,PC,67.0,0.41026,7.38462
MSSM,PC,61.0,0.4736,2.8416
MSSM,PC,80.0,0.07991,1.35839
MSSM,PC,78.0,0.22202,3.21932
MSSM,PC,45.0,0.62157,3.52226
MSSM,PC,67.0,0.73934,1.88943
MSSM,PC,80.0,0.22135,1.47566
MSSM,PC,76.0,0.0,3.96879
MSSM,PC,80.0,0.43186,4.37254
MSSM,PC,42.0,0.46883,5.62601
MSSM,PC,64.0,0.08279,2.35939
MSSM,PC,89.0,0.16327,1.63275
MSSM,PC,77.0,0.48851,2.32044
MSSM,PC,80.0,0.18858,1.69718
MSSM,PC,88.0,0.39361,4.06728
MSSM,PC,88.0,0.07765,2.98956
MSSM,PC,87.0,0.25277,1.93787
MSSM,PC,80.0,0.23734,1.99363
MSSM,PC,84.0,0.1832,1.7099
MSSM,PC,84.0,0.13186,3.16464
MSSM,PC,80.0,0.23566,2.82792
MSSM,PC,52.0,0.51429,4.42287
MSSM,PC,89.0,0.51985,2.70321
MSSM,PC,19.0,0.21227,1.98119
MSSM,PC,60.0,0.39572,2.53259
MSSM,PC,87.0,0.05123,2.86863
MSSM,PC,80.0,0.22665,1.01995
MSSM,PC,80.0,0.39955,2.06433
MSSM,PC,81.0,0.41376,5.79259
MSSM,PC,80.0,0.34522,2.50283
MSSM,PC,35.0,0.0,3.83097
MSSM,PC,71.0,0.46942,2.22976
MSSM,PC,83.0,0.25696,0.59957
MSSM,PC,80.0,0.30411,2.73698
MSSM,PC,84.0,0.27555,1.92883
MSSM,PC,80.0,0.54133,0.74433
MSSM,PC,80.0,0.28122,3.93712
MSSM,PC,80.0,0.3455,1.5202
MSSM,PC,89.0,0.24,2.06403
MSSM,PC,80.0,0.16636,3.88175
MSSM,PC,86.0,0.293,1.90447
MSSM,PC,86.0,0.5047,3.31661
MSSM,PC,31.0,0.0,0.33745
MSSM,PC,80.0,0.52012,1.30029
MSSM,PC,59.0,0.5175,2.88323
MSSM,PC,84.0,0.31205,6.19639
MSSM,PC,66.0,0.42105,1.89472
MSSM,PC,73.0,0.35219,2.0427
MSSM,PC,63.0,0.11154,5.16805
MSSM,PC,63.0,0.3543,1.21475
MSSM,PC,68.0,0.5067,1.14007
MSSM,PC,86.0,0.39439,1.18317
MSSM,PC,72.0,0.43903,2.12199
MSSM,PC,88.0,0.32439,2.31127
MSSM,PC,69.0,0.50681,4.70612
MSSM,PC,84.0,0.09256,1.61982
MSSM,PC,39.0,0.2263,5.94044
MSSM,PC,70.0,0.33166,3.8694
MSSM,PC,89.0,0.40421,3.19996
RADC,PC,80.0,0.34676,3.60625
RADC,PC,88.0,0.30499,2.98886
RADC,PC,76.0,0.54046,2.85671
RADC,PC,80.0,0.3088,1.73701
RADC,PC,80.0,0.0,1.38684
RADC,PC,80.0,0.06417,2.11767
RADC,PC,80.0,0.16726,2.58321
RADC,PC,83.0,0.3958,2.50673
RADC,PC,89.0,0.0,1.51215
RADC,PC,65.0,0.31889,3.66718
RADC,PC,72.0,0.83758,3.52276
RADC,PC,80.0,0.37782,2.14098
RADC,PC,79.0,0.30206,1.59086
RADC,PC,79.0,0.43137,0.6902
RADC,PC,80.0,0.49587,1.71074
RADC,PC,82.0,0.05787,1.44675
RADC,PC,83.0,0.27292,4.41224
RADC,PC,80.0,0.14643,1.78151
RADC,PC,80.0,0.47108,2.78365
RADC,PC,80.0,0.0,1.08361
RADC,PC,81.0,0.23309,1.86476
RADC,PC,81.0,0.51837,3.44984
RADC,PC,64.0,0.23643,3.1721
RADC,PC,77.0,0.61011,2.27405
RADC,PC,85.0,0.36656,2.23601
RADC,PC,81.0,0.6896,2.34466
RADC,PC,85.0,0.30426,2.73836
RADC,PC,80.0,0.47646,1.82644
RADC,PC,86.0,0.56817,0.87411
RADC,PC,80.0,0.43697,4.18648
RADC,PC,80.0,0.0,1.48355
RADC,PC,66.0,0.40896,2.70933
RADC,PC,79.0,0.20011,1.6009
RADC,PC,75.0,0.0365,2.15341
RADC,PC,85.0,0.11539,4.38469
RADC,PC,80.0,0.28064,2.24513
RADC,PC,84.0,0.31333,2.56928
RADC,PC,72.0,0.26024,4.26135
RADC,PC,82.0,0.04755,1.66417
RADC,PC,80.0,0.30842,5.65436
RADC,PC,80.0,0.47773,5.58946
RADC,PC,88.0,0.42067,1.97713
RADC,PC,80.0,0.04739,1.44554
RADC,PC,80.0,0.4991,3.01378
RADC,PC,54.0,0.0341,4.36419
RADC,PC,82.0,0.76998,6.54484
RADC,PC,89.0,0.15553,1.16644
RADC,PC,82.0,0.48489,3.06693
RADC,PC,77.0,0.1094,4.74783
RADC,PC,88.0,0.09167,2.65853
RADC,PC,78.0,0.3662,4.39443
RADC,PC,88.0,0.55841,5.5333
RADC,PC,80.0,0.07103,1.5153
RADC,PC,80.0,0.33165,1.07787
RADC,PC,85.0,0.40899,2.89704
RADC,PC,78.0,0.96483,0.12585
RADC,PC,80.0,0.41785,4.45712
RADC,PC,80.0,0.39153,2.93647
RADC,PC,73.0,0.38148,3.43332
RADC,PC,88.0,0.61163,5.1283
RADC,PC,80.0,0.55109,6.6131
RADC,PC,71.0,0.22663,1.6431
RADC,PC,80.0,0.33394,2.89416
RADC,PC,73.0,0.59045,4.42834
RADC,PC,78.0,0.59639,2.33969
RADC,PC,80.0,0.25903,2.25352
RADC,PC,80.0,0.19936,2.99046
RADC,PC,75.0,0.255,3.4425
RADC,PC,80.0,0.25941,1.10249
RADC,PC,80.0,0.0,2.93155
RADC,PC,80.0,0.10664,1.43969
RADC,PC,89.0,0.10423,3.66533
RADC,PC,83.0,0.69696,1.17948
RADC,PC,75.0,0.10685,3.52617
RADC,PC,80.0,0.12736,0.38209
RADC,PC,83.0,0.52513,1.52289
RADC,PC,80.0,0.25748,1.68792
RADC,PC,87.0,0.12886,5.0256
RADC,PC,80.0,0.45721,3.30599
RADC,PC,85.0,0.25805,3.48365
RADC,PC,66.0,0.42662,1.4595
RADC,PC,85.0,0.48135,4.03914
RADC,PC,80.0,0.08049,4.1857
RADC,PC,80.0,0.14041,2.10619
RADC,PC,80.0,0.0,0.64025
RADC,PC,79.0,0.05839,1.28466
RADC,PC,70.0,0.38302,3.73445
RADC,PC,89.0,0.3635,3.39268
RADC,PC,89.0,0.30515,1.68561
RADC,PC,66.0,0.11115,3.70517
RADC,PC,67.0,0.43223,1.18864
RADC,PC,78.0,0.28763,2.8475
RADC,PC,80.0,0.71334,6.12637
RADC,PC,69.0,0.26421,1.40913
RADC,PC,80.0,0.37148,2.00597
RADC,PC,80.0,0.17073,0.62599
RADC,PC,80.0,0.1562,2.40542
Aging,SMC,44.0,0.20956,1.57167
Aging,SMC,56.0,0.22623,1.55132
Aging,SMC,12.0,0.60115,0.30058
Aging,SMC,16.0,0.17834,0.30912
Aging,SMC,13.0,0.3433,0.3433
Aging,SMC,41.0,0.15854,0.87198
Aging,SMC,46.0,0.67829,0.50872
Aging,SMC,5.0,0.22254,0.25433
Aging,SMC,37.0,0.40402,0.23087
Aging,SMC,45.0,0.35277,0.29398
Aging,SMC,24.0,0.12371,1.48454
Aging,SMC,61.0,0.0,0.66557
Aging,SMC,16.0,0.07202,0.21606
Aging,SMC,13.0,0.11202,0.78417
Aging,SMC,42.0,0.50265,0.0
Aging,SMC,78.0,0.34657,2.17847
Aging,SMC,8.0,0.2559,0.3412
Aging,SMC,49.0,0.49593,0.29756
Aging,SMC,60.0,0.31569,0.90196
Aging,SMC,45.0,0.0,0.66642
Aging,SMC,38.0,0.04654,0.69812
Aging,SMC,2.0,0.0,0.52728
Aging,SMC,23.0,0.15501,1.00757
Aging,SMC,20.0,0.11434,0.17151
Aging,SMC,15.0,0.48122,0.16984
Aging,SMC,16.0,0.15538,0.38845
HBCC,SMC,30.0,0.0,1.14838
HBCC,SMC,44.0,0.20956,1.57167
HBCC,SMC,56.0,0.22623,1.55132
HBCC,SMC,12.0,0.60115,0.30058
HBCC,SMC,16.0,0.17834,0.30912
HBCC,SMC,57.0,0.15842,0.63369
HBCC,SMC,13.0,0.3433,0.3433
HBCC,SMC,41.0,0.15854,0.87198
HBCC,SMC,53.0,0.11017,0.3305
HBCC,SMC,42.0,0.11298,0.90383
HBCC,SMC,46.0,0.67829,0.50872
HBCC,SMC,5.0,0.22254,0.25433
HBCC,SMC,37.0,0.40402,0.23087
HBCC,SMC,45.0,0.35277,0.29398
HBCC,SMC,24.0,0.12371,1.48454
HBCC,SMC,48.0,0.60587,1.00978
HBCC,SMC,57.0,0.4745,0.56941
HBCC,SMC,53.0,0.45621,1.06449
HBCC,SMC,16.0,0.07202,0.21606
HBCC,SMC,13.0,0.11202,0.78417
HBCC,SMC,79.0,0.39523,0.98806
HBCC,SMC,78.0,0.34657,2.17847
HBCC,SMC,8.0,0.2559,0.3412
HBCC,SMC,40.0,0.25076,0.37613
HBCC,SMC,60.0,0.31569,0.90196
HBCC,SMC,46.0,0.34152,0.70932
HBCC,SMC,60.0,0.17404,0.52211
HBCC,SMC,48.0,0.42893,0.6005
HBCC,SMC,57.0,0.0,0.49705
HBCC,SMC,45.0,0.0,0.66642
HBCC,SMC,44.0,0.09289,0.65026
HBCC,SMC,50.0,0.32471,0.21648
HBCC,SMC,27.0,0.35684,0.35684
HBCC,SMC,68.0,0.36127,0.46448
HBCC,SMC,2.0,0.0,0.52728
HBCC,SMC,23.0,0.15501,1.00757
HBCC,SMC,20.0,0.11434,0.17151
HBCC,SMC,15.0,0.48122,0.16984
HBCC,SMC,21.0,0.21459,0.40968
HBCC,SMC,24.0,0.40202,0.80404
HBCC,SMC,16.0,0.15538,0.38845
HBCC,SMC,50.0,1.00339,1.00339
MSSM,SMC,80.0,0.3955,1.20976
MSSM,SMC,73.0,0.15224,0.53285
MSSM,SMC,38.0,0.10108,0.0
MSSM,SMC,50.0,0.0,0.37682
MSSM,SMC,80.0,0.07518,0.30073
MSSM,SMC,81.0,0.50901,2.12087
MSSM,SMC,83.0,0.46021,0.23011
MSSM,SMC,74.0,0.12891,0.67678
MSSM,SMC,76.0,0.23497,0.46995
MSSM,SMC,80.0,0.24099,0.48197
MSSM,SMC,80.0,0.29138,1.31119
MSSM,SMC,61.0,0.0,0.66557
MSSM,SMC,79.0,0.0,2.14631
MSSM,SMC,42.0,0.50265,0.0
MSSM,SMC,88.0,0.23517,1.56219
MSSM,SMC,80.0,0.48904,0.97807
MSSM,SMC,83.0,0.64244,0.80305
MSSM,SMC,86.0,0.0,0.0
MSSM,SMC,82.0,0.09794,0.29382
MSSM,SMC,49.0,0.49593,0.29756
MSSM,SMC,80.0,0.16758,0.41894
MSSM,SMC,66.0,0.09344,1.12132
MSSM,SMC,83.0,0.11195,0.33586
MSSM,SMC,87.0,0.28991,1.50753
MSSM,SMC,80.0,0.08581,0.60069
MSSM,SMC,40.0,0.57239,0.77682
MSSM,SMC,80.0,0.38181,1.36359
MSSM,SMC,73.0,0.54441,0.31109
MSSM,SMC,82.0,0.37165,0.49553
MSSM,SMC,58.0,0.24789,0.12394
MSSM,SMC,87.0,0.16478,0.59322
MSSM,SMC,80.0,0.1996,0.79841
MSSM,SMC,85.0,0.47244,0.66141
MSSM,SMC,38.0,0.04654,0.69812
MSSM,SMC,80.0,0.83907,2.42397
MSSM,SMC,81.0,0.26183,0.26183
MSSM,SMC,58.0,0.77771,1.55543
MSSM,SMC,88.0,0.36129,0.14452
MSSM,SMC,39.0,0.28678,0.95592
RADC,SMC,80.0,0.12154,0.57732
RADC,SMC,79.0,0.55648,0.97385
RADC,SMC,84.0,0.31896,0.36452
RADC,SMC,83.0,0.14268,0.14268
RADC,SMC,80.0,0.49977,0.45434
RADC,SMC,81.0,0.0,0.40418
RADC,SMC,64.0,0.25942,0.38914
RADC,SMC,81.0,0.38565,0.19282
RADC,SMC,80.0,0.33366,0.26693
RADC,SMC,80.0,0.27813,0.27813
RADC,SMC,85.0,0.08434,0.50603
RADC,SMC,84.0,0.22523,0.73199
RADC,SMC,80.0,0.15127,0.57481
RADC,SMC,82.0,0.5856,0.1952
RADC,SMC,78.0,0.42277,0.50732
RADC,SMC,78.0,0.26886,0.3764
RADC,SMC,80.0,0.0,0.44215
RADC,SMC,73.0,0.12932,0.25863
RADC,SMC,80.0,0.38966,0.12989
RADC,SMC,80.0,0.30879,0.7411
RADC,SMC,75.0,0.31689,0.8375
RADC,SMC,85.0,0.08883,0.26649
RADC,SMC,66.0,0.46204,0.80485
RADC,SMC,80.0,0.12375,1.23755
RADC,SMC,69.0,0.11672,0.58358
RADC,SMC,80.0,0.0,0.4894
RADC,SMC,80.0,0.31789,0.79473
