gene,Endo,PC,SMC,VLMC
PGR,0.8531,0.3508,0.2453,0.5131
PAQR5,1.5218,0.0097,0.0581,0.2922
GPER1,0.0764,1.1463,0.2471,0.0855
ESR1,0.1005,0.2900,0.4140,0.1371
AR,0.0178,0.1941,0.3105,0.1846
NR3C1,5.0547,4.0226,2.4112,3.9866
NR3C2,8.2887,3.8381,3.3293,2.8845
AKR1C1,0.1989,0.1682,0.0677,0.5355
AKR1C2,0.0824,0.1349,0.0687,0.9871
AKR1C3,0.1698,0.0878,0.0541,0.1631
CYP1B1,0.1880,0.0952,0.2745,4.5763
SRD5A1,0.1213,0.1528,0.1216,0.1172
ABCB1,32.3553,0.3602,0.0696,0.4149
PECAM1,5.3274,0.0338,0.0581,0.0325
CLDN5,10.0798,0.0210,0.0322,0.0107
PDGFRB,0.0351,14.7682,5.8010,2.1337
RGS5,0.3135,9.6221,1.3307,0.2199
ACTA2,0.1327,0.6106,9.7237,0.3981
MYH11,0.1870,0.1365,8.4706,0.1074
DCN,0.0448,5.7651,2.2972,7.0373
COL1A2,0.0152,2.2390,2.3957,6.1728
LUM,0.0019,0.1183,0.0659,0.2921
#donor,Endo=433,PC=383,SMC=44,VLMC=249
