gene,Endo,PC,SMC,VLMC
PGR,0.8811,0.3487,0.2695,0.5709
PAQR5,1.5292,0.0065,0.0570,0.3279
GPER1,0.0694,1.1746,0.1775,0.0816
ESR1,0.0998,0.2848,0.3821,0.1468
AR,0.0280,0.1773,0.3262,0.1661
NR3C1,4.9162,3.9223,2.1770,3.6551
NR3C2,8.5372,3.8805,2.7954,2.8945
AKR1C1,0.2015,0.1737,0.0978,0.5989
AKR1C2,0.0872,0.1318,0.0794,1.1499
AKR1C3,0.1825,0.1004,0.0714,0.1975
CYP1B1,0.2122,0.0977,0.3644,4.5536
SRD5A1,0.1245,0.1683,0.1272,0.1185
ABCB1,32.6031,0.4047,0.0698,0.4869
PECAM1,5.3954,0.0347,0.0604,0.0371
CLDN5,9.9065,0.0206,0.0235,0.0112
PDGFRB,0.0356,14.2195,5.5733,2.1107
RGS5,0.2906,9.2732,1.0533,0.2271
ACTA2,0.1409,0.6180,8.6705,0.4232
MYH11,0.1720,0.1156,9.0552,0.1021
DCN,0.0450,5.8182,2.1072,7.7510
COL1A2,0.0122,2.2767,2.3802,5.6785
LUM,0.0015,0.1211,0.0516,0.2398
