"donor","age","sex","batch","n_nuclei","total_counts","n_pgr_pos","PGR","PGR-AS1","ZNF385B","ABCB1","CLDN5","PECAM1","FLT1","MFSD2A","SLC2A1","NR3C1","NR3C2","ESR1","AR","GPER1","ACTB","GAPDH","RPL13A","RPLP0","TBP","PGK1"
"4_yr_old",4,"M","E",40,111785,1,1,3,32,228,83,46,319,30,39,53,56,3,1,5,29,18,31,16,4,12
"5_yr_old",5,"F","D",122,247402,1,1,0,66,619,143,84,712,28,69,110,158,4,3,4,55,30,30,16,6,13
"7_yr_old",7,"M","A",85,164845,7,7,1,53,331,335,58,301,41,79,44,86,0,0,15,193,146,279,64,4,18
"9_yr_old",9,"F","D",68,152854,1,1,3,66,335,56,53,496,26,37,52,52,0,0,0,41,13,11,5,1,16
"15_yr_old_B1",15,"F","B",528,1705772,96,133,127,1949,7322,728,376,4238,269,512,1338,1347,17,9,56,552,222,298,127,48,89
"15_yr_old_B2",15,"M","G",104,164210,6,7,9,106,436,119,66,216,32,62,98,60,4,0,5,37,69,41,23,4,22
"20_yr_old",20,"F","F",40,126234,4,4,1,16,147,210,32,122,19,44,46,28,0,0,11,229,90,172,40,3,13
"24_yr_old",24,"F","F",70,144588,6,8,3,47,465,397,39,182,49,67,50,31,0,1,4,198,81,176,55,2,19
"26_yr_old",26,"F","E",68,247580,15,25,13,271,695,104,56,954,50,59,119,296,7,2,12,76,33,43,21,0,15
"31_yr_old",31,"M","C",35,133850,7,16,6,106,392,140,43,298,49,45,45,57,1,1,4,71,31,66,24,2,7
"41_yr_old",41,"F","G",42,252264,10,17,4,168,679,283,86,468,109,182,120,176,1,1,20,126,126,210,71,2,27
"50_yr_old",50,"F","A",31,63482,4,4,0,28,150,151,16,164,22,41,24,25,0,0,8,69,49,83,16,3,4
